mean_fit_time,std_fit_time,mean_score_time,std_score_time,param_bootstrap,param_class_weight,param_criterion,param_max_depth,param_max_features,param_min_samples_leaf,param_min_samples_split,param_n_estimators,params,split0_test_score,split1_test_score,split2_test_score,mean_test_score,std_test_score,rank_test_score
65.96735072135925,1.642820047876779,0.8362611929575602,0.16115668042571307,True,balanced,gini,16,,4,6,30,"{'bootstrap': True, 'class_weight': 'balanced', 'criterion': 'gini', 'max_depth': 16, 'max_features': None, 'min_samples_leaf': 4, 'min_samples_split': 6, 'n_estimators': 30}",0.5902114638938117,0.5949250357501579,0.5948850892253335,0.593340529623101,0.0022126436955025672,38
194.66758267084757,6.285304336546637,1.2770133813222249,0.1196268568349983,True,balanced,log_loss,12,,4,6,109,"{'bootstrap': True, 'class_weight': 'balanced', 'criterion': 'log_loss', 'max_depth': 12, 'max_features': None, 'min_samples_leaf': 4, 'min_samples_split': 6, 'n_estimators': 109}",0.5955341080553025,0.5994415555101533,0.599459084099389,0.5981449158882816,0.0018461337922658682,27
57.7400750319163,4.055452204491646,0.8970203399658203,0.03979287569384247,False,balanced,log_loss,3,log2,2,3,197,"{'bootstrap': False, 'class_weight': 'balanced', 'criterion': 'log_loss', 'max_depth': 3, 'max_features': 'log2', 'min_samples_leaf': 2, 'min_samples_split': 3, 'n_estimators': 197}",0.5962047833668727,0.5996549882858897,0.6024750621624546,0.5994449446050724,0.002564135696418275,16
36.97413841883341,3.345633260113061,1.4447117646535237,0.022321269837920335,True,,entropy,13,sqrt,1,4,68,"{'bootstrap': True, 'class_weight': None, 'criterion': 'entropy', 'max_depth': 13, 'max_features': 'sqrt', 'min_samples_leaf': 1, 'min_samples_split': 4, 'n_estimators': 68}",0.595197736096039,0.5974676475231828,0.5997997641676212,0.5974883825956143,0.0018788273027483782,28
37.810684045155845,1.3519303573812473,2.4739176432291665,0.01639632852848205,True,balanced,log_loss,16,log2,3,5,64,"{'bootstrap': True, 'class_weight': 'balanced', 'criterion': 'log_loss', 'max_depth': 16, 'max_features': 'log2', 'min_samples_leaf': 3, 'min_samples_split': 5, 'n_estimators': 64}",0.5884829006152477,0.590199332675319,0.5918800298026682,0.5901874210310782,0.0013868977598601112,42
29.124006112416584,3.4035040949965607,0.4819921652475993,0.03171551814601995,False,balanced,gini,4,sqrt,3,6,82,"{'bootstrap': False, 'class_weight': 'balanced', 'criterion': 'gini', 'max_depth': 4, 'max_features': 'sqrt', 'min_samples_leaf': 3, 'min_samples_split': 6, 'n_estimators': 82}",0.5960762157158809,0.5992899438262362,0.6029952882648771,0.5994538159356648,0.0028270752596697086,14
51.551278273264565,2.4459070541139964,3.0815365314483643,0.2229618454122529,True,balanced,gini,15,log2,2,2,99,"{'bootstrap': True, 'class_weight': 'balanced', 'criterion': 'gini', 'max_depth': 15, 'max_features': 'log2', 'min_samples_leaf': 2, 'min_samples_split': 2, 'n_estimators': 99}",0.5901397425407586,0.5921886470456648,0.5942090497510367,0.59217914644582,0.0016613012949599438,39
41.32173458735148,1.4547242149819994,0.8056751092274984,0.03532923986981071,True,balanced,log_loss,8,sqrt,4,4,90,"{'bootstrap': True, 'class_weight': 'balanced', 'criterion': 'log_loss', 'max_depth': 8, 'max_features': 'sqrt', 'min_samples_leaf': 4, 'min_samples_split': 4, 'n_estimators': 90}",0.5964699637477525,0.5998475670099861,0.6019192102671065,0.5994122470082818,0.002245840530860813,21
35.22748335202535,3.258317644663245,0.5258270104726156,0.01769824094764438,False,balanced,entropy,7,log2,2,5,63,"{'bootstrap': False, 'class_weight': 'balanced', 'criterion': 'entropy', 'max_depth': 7, 'max_features': 'log2', 'min_samples_leaf': 2, 'min_samples_split': 5, 'n_estimators': 63}",0.5963171121036944,0.6003221416057427,0.602528232857326,0.5997224955222544,0.002570886594559745,1
13.823633193969727,0.653795061406961,0.6003557046254476,0.11512354482531863,True,,entropy,13,log2,2,7,23,"{'bootstrap': True, 'class_weight': None, 'criterion': 'entropy', 'max_depth': 13, 'max_features': 'log2', 'min_samples_leaf': 2, 'min_samples_split': 7, 'n_estimators': 23}",0.5942798692442786,0.5954166046939054,0.597520789670812,0.5957390878696653,0.0013426063835606193,34
74.34712409973145,3.0524994017113163,1.9397861162821453,0.04119022903165306,True,balanced,log_loss,9,log2,3,5,199,"{'bootstrap': True, 'class_weight': 'balanced', 'criterion': 'log_loss', 'max_depth': 9, 'max_features': 'log2', 'min_samples_leaf': 3, 'min_samples_split': 5, 'n_estimators': 199}",0.5967136971876721,0.5996856074363113,0.6019336670177349,0.5994443238805728,0.0021378625731313665,17
582.1396409670512,11.447185609661096,4.707064072291057,0.386957643480891,False,,gini,19,,1,3,197,"{'bootstrap': False, 'class_weight': None, 'criterion': 'gini', 'max_depth': 19, 'max_features': None, 'min_samples_leaf': 1, 'min_samples_split': 3, 'n_estimators': 197}",0.5637362592918826,0.5725225935457934,0.5728127281002322,0.5696905269793028,0.004211968841686839,49
49.61759169896444,1.4456114473431836,2.9643541177113852,0.0462263594475227,False,,gini,16,sqrt,1,2,80,"{'bootstrap': False, 'class_weight': None, 'criterion': 'gini', 'max_depth': 16, 'max_features': 'sqrt', 'min_samples_leaf': 1, 'min_samples_split': 2, 'n_estimators': 80}",0.5842540896709096,0.584857676438999,0.5871078411367775,0.5854065357488953,0.001227981884714561,45
142.1997665564219,0.7083269192561541,1.255569855372111,0.059393036153941724,True,balanced,gini,13,,3,4,90,"{'bootstrap': True, 'class_weight': 'balanced', 'criterion': 'gini', 'max_depth': 13, 'max_features': None, 'min_samples_leaf': 3, 'min_samples_split': 4, 'n_estimators': 90}",0.5946214206830903,0.59826611038866,0.5983641336558166,0.5970838882425223,0.0017416873047263132,31
21.866308132807415,0.5309098679090336,0.21545990308125815,0.017414546631887042,False,,log_loss,2,,1,3,50,"{'bootstrap': False, 'class_weight': None, 'criterion': 'log_loss', 'max_depth': 2, 'max_features': None, 'min_samples_leaf': 1, 'min_samples_split': 3, 'n_estimators': 50}",0.5914063353164432,0.5942031998967967,0.596664419598665,0.594091318270635,0.0021480612504367084,36
20.571105639139812,1.349577637036258,0.6407492160797119,0.17755054527018344,False,,gini,9,log2,1,7,46,"{'bootstrap': False, 'class_weight': None, 'criterion': 'gini', 'max_depth': 9, 'max_features': 'log2', 'min_samples_leaf': 1, 'min_samples_split': 7, 'n_estimators': 46}",0.5966068790395669,0.6001317720886254,0.602300404115225,0.5996796850811391,0.002346251470401304,4
40.72283720970154,2.401416643648892,0.925767183303833,0.0033394858851417807,True,balanced,entropy,4,sqrt,3,6,184,"{'bootstrap': True, 'class_weight': 'balanced', 'criterion': 'entropy', 'max_depth': 4, 'max_features': 'sqrt', 'min_samples_leaf': 3, 'min_samples_split': 6, 'n_estimators': 184}",0.5962918965383814,0.5997411221122161,0.6030023238977575,0.5996784475161183,0.0027398789407700537,5
37.94534254074097,3.082323355152393,0.763078530629476,0.01038766778249751,False,,gini,6,log2,3,7,112,"{'bootstrap': False, 'class_weight': None, 'criterion': 'gini', 'max_depth': 6, 'max_features': 'log2', 'min_samples_leaf': 3, 'min_samples_split': 7, 'n_estimators': 112}",0.5965997428116427,0.5998185202882662,0.6023655590200022,0.5995946073733037,0.0023592035212843137,8
96.20767188072205,4.284701806408059,6.4117434819539385,0.2398796187357438,True,,log_loss,16,log2,2,5,188,"{'bootstrap': True, 'class_weight': None, 'criterion': 'log_loss', 'max_depth': 16, 'max_features': 'log2', 'min_samples_leaf': 2, 'min_samples_split': 5, 'n_estimators': 188}",0.5898554784256459,0.5913653218627206,0.5934586225724365,0.5915598076202676,0.001477391951617083,40
85.05071131388347,3.986851234853214,7.98283052444458,0.8690181283871004,True,balanced,log_loss,18,sqrt,4,5,160,"{'bootstrap': True, 'class_weight': 'balanced', 'criterion': 'log_loss', 'max_depth': 18, 'max_features': 'sqrt', 'min_samples_leaf': 4, 'min_samples_split': 5, 'n_estimators': 160}",0.5852779666090452,0.5879046991423325,0.5891685094358089,0.5874503917290622,0.0016204685106546372,43
76.10566171010335,3.8167167034638294,2.5852250258127847,0.06804070081428334,True,,log_loss,12,sqrt,4,6,169,"{'bootstrap': True, 'class_weight': None, 'criterion': 'log_loss', 'max_depth': 12, 'max_features': 'sqrt', 'min_samples_leaf': 4, 'min_samples_split': 6, 'n_estimators': 169}",0.5969844334056182,0.5988587478329186,0.6016507325826665,0.5991646379404011,0.0019172486485972864,25
34.61245195070902,3.9803511905319406,0.9217573006947836,0.10765554438233553,True,,log_loss,3,log2,1,7,194,"{'bootstrap': True, 'class_weight': None, 'criterion': 'log_loss', 'max_depth': 3, 'max_features': 'log2', 'min_samples_leaf': 1, 'min_samples_split': 7, 'n_estimators': 194}",0.5962185621690512,0.5994308363120496,0.6026198376557881,0.5994230787122964,0.0026133155313432777,19
87.80359689394633,3.9234574635584116,3.4502158959706626,0.23214915516797952,True,balanced,entropy,12,log2,3,5,199,"{'bootstrap': True, 'class_weight': 'balanced', 'criterion': 'entropy', 'max_depth': 12, 'max_features': 'log2', 'min_samples_leaf': 3, 'min_samples_split': 5, 'n_estimators': 199}",0.5965399596433504,0.5987770766979056,0.601498591318279,0.5989385425531784,0.002027570046256607,26
76.45658373832703,4.930325368481942,4.242382526397705,0.24690244645053655,True,,gini,14,sqrt,3,7,164,"{'bootstrap': True, 'class_weight': None, 'criterion': 'gini', 'max_depth': 14, 'max_features': 'sqrt', 'min_samples_leaf': 3, 'min_samples_split': 7, 'n_estimators': 164}",0.595037118436941,0.5968647536568605,0.5993753371720589,0.5970924030886201,0.0017783707236808072,30
55.5869947274526,3.7773285064828173,0.5937126477559408,0.02523792036932806,True,balanced,gini,2,,2,5,161,"{'bootstrap': True, 'class_weight': 'balanced', 'criterion': 'gini', 'max_depth': 2, 'max_features': None, 'min_samples_leaf': 2, 'min_samples_split': 5, 'n_estimators': 161}",0.5969783497358717,0.5990057039859892,0.6022896913256859,0.5994245816825156,0.002188482162657927,18
81.46276426315308,0.8251565529250245,2.4619247913360596,0.15040463672888718,True,,entropy,10,sqrt,2,2,195,"{'bootstrap': True, 'class_weight': None, 'criterion': 'entropy', 'max_depth': 10, 'max_features': 'sqrt', 'min_samples_leaf': 2, 'min_samples_split': 2, 'n_estimators': 195}",0.5969939171101564,0.5990348602359031,0.6023304181417939,0.5994530651626179,0.0021985953600292753,15
65.15207854906718,4.752479826406789,1.0080721378326416,0.03112917628893581,False,balanced,entropy,8,log2,3,2,110,"{'bootstrap': False, 'class_weight': 'balanced', 'criterion': 'entropy', 'max_depth': 8, 'max_features': 'log2', 'min_samples_leaf': 3, 'min_samples_split': 2, 'n_estimators': 110}",0.5966942079660822,0.6001515766892708,0.6018563572021959,0.5995673806191829,0.0021475427772544805,13
33.915980180104576,1.1438707600061149,3.4215054512023926,0.16945244221570738,True,balanced,gini,18,log2,2,5,63,"{'bootstrap': True, 'class_weight': 'balanced', 'criterion': 'gini', 'max_depth': 18, 'max_features': 'log2', 'min_samples_leaf': 2, 'min_samples_split': 5, 'n_estimators': 63}",0.5773631916962578,0.5798909538542275,0.5811350255746935,0.5794630570417264,0.001569289534203377,47
21.731480916341145,1.062302889368553,0.259000301361084,0.017040149662514322,True,,gini,2,,2,3,62,"{'bootstrap': True, 'class_weight': None, 'criterion': 'gini', 'max_depth': 2, 'max_features': None, 'min_samples_leaf': 2, 'min_samples_split': 3, 'n_estimators': 62}",0.5940886967146035,0.5969606281129038,0.6014141066292298,0.5974878104855791,0.003013729532751825,29
173.56861623128256,2.16919172619992,0.7831076780954996,0.01761828079185866,False,balanced,entropy,5,,3,4,154,"{'bootstrap': False, 'class_weight': 'balanced', 'criterion': 'entropy', 'max_depth': 5, 'max_features': None, 'min_samples_leaf': 3, 'min_samples_split': 4, 'n_estimators': 154}",0.5970274715773405,0.5991623378483247,0.601697397030929,0.5992957354855314,0.0019088211253244925,22
27.668434460957844,3.641351451595324,0.731029748916626,0.044591071801899355,True,balanced,gini,3,log2,2,4,153,"{'bootstrap': True, 'class_weight': 'balanced', 'criterion': 'gini', 'max_depth': 3, 'max_features': 'log2', 'min_samples_leaf': 2, 'min_samples_split': 4, 'n_estimators': 153}",0.596346177856909,0.5995733239478391,0.6028333028627452,0.5995842682224978,0.0026483690003719913,11
62.329512198766075,3.314876105761517,1.4400938351949055,0.03737165293613214,True,,log_loss,7,sqrt,3,5,196,"{'bootstrap': True, 'class_weight': None, 'criterion': 'log_loss', 'max_depth': 7, 'max_features': 'sqrt', 'min_samples_leaf': 3, 'min_samples_split': 5, 'n_estimators': 196}",0.5964893166416964,0.5998873721579927,0.6026418770976708,0.59967285529912,0.0025163483003697532,6
85.67728432019551,1.586926528529975,0.5129795074462891,0.030916358399059297,False,,entropy,4,,3,5,105,"{'bootstrap': False, 'class_weight': None, 'criterion': 'entropy', 'max_depth': 4, 'max_features': None, 'min_samples_leaf': 3, 'min_samples_split': 5, 'n_estimators': 105}",0.5971482887492061,0.5995737463305025,0.6020222448375416,0.5995814266390834,0.001989791652093361,12
6.749063173929851,0.3599866320824614,0.11414122581481934,0.004383939026725209,True,balanced,gini,2,,2,2,20,"{'bootstrap': True, 'class_weight': 'balanced', 'criterion': 'gini', 'max_depth': 2, 'max_features': None, 'min_samples_leaf': 2, 'min_samples_split': 2, 'n_estimators': 20}",0.5969672479658843,0.5989831877857439,0.6022877839038372,0.5994127398851551,0.0021932338257078334,20
145.35969305038452,1.8532180227249848,1.300965944925944,0.04517622671321828,False,,gini,19,,3,7,51,"{'bootstrap': False, 'class_weight': None, 'criterion': 'gini', 'max_depth': 19, 'max_features': None, 'min_samples_leaf': 3, 'min_samples_split': 7, 'n_estimators': 51}",0.561916787806403,0.5716042190580413,0.5735921408278906,0.5690377158974449,0.005100239922402544,50
60.81157906850179,2.350100369279285,4.427898645401001,0.1947074947563159,True,,entropy,17,sqrt,4,5,122,"{'bootstrap': True, 'class_weight': None, 'criterion': 'entropy', 'max_depth': 17, 'max_features': 'sqrt', 'min_samples_leaf': 4, 'min_samples_split': 5, 'n_estimators': 122}",0.588851360645607,0.5906950786437601,0.5926485602051252,0.5907316664981641,0.0015504161004966583,41
10.881015141805014,0.796565060467827,0.38889869054158527,0.03471186555081978,False,,entropy,13,sqrt,1,4,18,"{'bootstrap': False, 'class_weight': None, 'criterion': 'entropy', 'max_depth': 13, 'max_features': 'sqrt', 'min_samples_leaf': 1, 'min_samples_split': 4, 'n_estimators': 18}",0.5942775054549546,0.5962349651813132,0.5982842161371029,0.5962655622577903,0.0016358758629405109,33
259.3016628424327,4.33766938325892,2.249121109644572,0.0421772277509884,True,,log_loss,17,,4,7,129,"{'bootstrap': True, 'class_weight': None, 'criterion': 'log_loss', 'max_depth': 17, 'max_features': None, 'min_samples_leaf': 4, 'min_samples_split': 7, 'n_estimators': 129}",0.5927073731555849,0.5959175495617874,0.5971139749642225,0.5952462992271982,0.0018605496739291204,35
62.907063007354736,2.70115264376134,4.503416140874227,0.12395529928586671,True,balanced,log_loss,18,log2,4,5,121,"{'bootstrap': True, 'class_weight': 'balanced', 'criterion': 'log_loss', 'max_depth': 18, 'max_features': 'log2', 'min_samples_leaf': 4, 'min_samples_split': 5, 'n_estimators': 121}",0.5846391614773762,0.5876256317904722,0.5889303213462136,0.5870650382046874,0.0017961462693402985,44
48.78136968612671,1.3879634425707086,3.834996541341146,0.0697868032508656,False,,log_loss,19,log2,2,3,63,"{'bootstrap': False, 'class_weight': None, 'criterion': 'log_loss', 'max_depth': 19, 'max_features': 'log2', 'min_samples_leaf': 2, 'min_samples_split': 3, 'n_estimators': 63}",0.570006783166509,0.5699535839243957,0.572361477378053,0.5707739481563192,0.0011227627568441284,48
53.09395329157511,2.4200577280929205,1.8232604662577312,0.11800293114646009,True,balanced,gini,10,sqrt,4,2,151,"{'bootstrap': True, 'class_weight': 'balanced', 'criterion': 'gini', 'max_depth': 10, 'max_features': 'sqrt', 'min_samples_leaf': 4, 'min_samples_split': 2, 'n_estimators': 151}",0.5964649425403286,0.5993849746821462,0.6020177813694325,0.5992892328639691,0.0022679476239266857,23
38.80682881673177,4.413626078585001,0.9977072874704996,0.012731342519823819,True,balanced,log_loss,4,sqrt,4,2,185,"{'bootstrap': True, 'class_weight': 'balanced', 'criterion': 'log_loss', 'max_depth': 4, 'max_features': 'sqrt', 'min_samples_leaf': 4, 'min_samples_split': 2, 'n_estimators': 185}",0.596301633089921,0.5997435078460187,0.6030175454037554,0.5996875621132317,0.002742045099986616,2
82.39292033513387,7.615449079288182,4.07658839225769,0.5519390983402617,False,,log_loss,15,log2,2,7,118,"{'bootstrap': False, 'class_weight': None, 'criterion': 'log_loss', 'max_depth': 15, 'max_features': 'log2', 'min_samples_leaf': 2, 'min_samples_split': 7, 'n_estimators': 118}",0.5922120019910704,0.5936385824445377,0.5957695379375556,0.5938733741243879,0.001461816416273212,37
6.736403624216716,0.5856518242437694,0.1920910676320394,0.004108796054833179,True,balanced,log_loss,3,sqrt,2,2,37,"{'bootstrap': True, 'class_weight': 'balanced', 'criterion': 'log_loss', 'max_depth': 3, 'max_features': 'sqrt', 'min_samples_leaf': 2, 'min_samples_split': 2, 'n_estimators': 37}",0.596880619709093,0.5995413898764914,0.6023541892554973,0.5995920662803605,0.0022348627054419603,9
3.844215472539266,0.3533873971792302,0.14570959409077963,0.011123659921875853,True,balanced,gini,6,sqrt,4,4,13,"{'bootstrap': True, 'class_weight': 'balanced', 'criterion': 'gini', 'max_depth': 6, 'max_features': 'sqrt', 'min_samples_leaf': 4, 'min_samples_split': 4, 'n_estimators': 13}",0.5960708527183478,0.599738076296265,0.6019153049267099,0.5992414113137742,0.0024116954592957236,24
61.972614685694374,2.987227746008534,5.855728387832642,0.13994353043420282,True,balanced,gini,18,log2,1,7,126,"{'bootstrap': True, 'class_weight': 'balanced', 'criterion': 'gini', 'max_depth': 18, 'max_features': 'log2', 'min_samples_leaf': 1, 'min_samples_split': 7, 'n_estimators': 126}",0.5799004074579324,0.5808484838945798,0.5831954124794816,0.581314767943998,0.0013849982272106545,46
63.04309217135111,5.350662650436179,1.2945598761240642,0.054506088684048076,False,,gini,6,sqrt,1,7,190,"{'bootstrap': False, 'class_weight': None, 'criterion': 'gini', 'max_depth': 6, 'max_features': 'sqrt', 'min_samples_leaf': 1, 'min_samples_split': 7, 'n_estimators': 190}",0.5964745146053781,0.6000466723715786,0.6025277283285169,0.5996829717684912,0.0024845600134984764,3
15.222969849904379,1.0480767267386106,0.24949145317077637,0.011059300978201634,True,,gini,2,,4,3,34,"{'bootstrap': True, 'class_weight': None, 'criterion': 'gini', 'max_depth': 2, 'max_features': None, 'min_samples_leaf': 4, 'min_samples_split': 3, 'n_estimators': 34}",0.5941150359149008,0.5969644448985902,0.5990362044808671,0.5967052284314528,0.0020174026033971328,32
13.496985912322998,1.8888516105918782,0.31243308385213214,0.08342467764008284,False,,entropy,4,log2,4,3,41,"{'bootstrap': False, 'class_weight': None, 'criterion': 'entropy', 'max_depth': 4, 'max_features': 'log2', 'min_samples_leaf': 4, 'min_samples_split': 3, 'n_estimators': 41}",0.5964399885609686,0.5993567781633233,0.6029593492290841,0.5995853719844587,0.0026664217260264625,10
57.47619183858236,1.9643644471523467,0.530997117360433,0.012848114409178905,True,balanced,log_loss,3,,3,3,139,"{'bootstrap': True, 'class_weight': 'balanced', 'criterion': 'log_loss', 'max_depth': 3, 'max_features': None, 'min_samples_leaf': 3, 'min_samples_split': 3, 'n_estimators': 139}",0.5973926106118707,0.5998798121880129,0.6015157274314856,0.599596050077123,0.001695172317441594,7
