mean_fit_time,std_fit_time,mean_score_time,std_score_time,param_colsample_bytree,param_learning_rate,param_max_depth,param_min_child_samples,param_n_estimators,param_num_leaves,param_subsample,params,split0_test_score,split1_test_score,split2_test_score,mean_test_score,std_test_score,rank_test_score,Dataset
1.079193909962972,0.031601181956181494,0.05931607882181803,0.009042339574770639,0.46909356296798244,0.06348409107711134,14,32,3367,74,0.41583820140922967,"OrderedDict([('colsample_bytree', 0.46909356296798244), ('learning_rate', 0.06348409107711134), ('max_depth', 14), ('min_child_samples', 32), ('n_estimators', 3367), ('num_leaves', 74), ('subsample', 0.41583820140922967)])",0.8949771689497716,0.9088191330343797,0.915625,0.9064737673280504,0.008591033581279679,48,personality
0.5608709653218588,0.06520319982495851,0.05243865648905436,0.006790661197182404,0.8536495199979559,0.15419810914825097,5,95,4327,28,0.22447768445071767,"OrderedDict([('colsample_bytree', 0.8536495199979559), ('learning_rate', 0.15419810914825097), ('max_depth', 5), ('min_child_samples', 95), ('n_estimators', 4327), ('num_leaves', 28), ('subsample', 0.22447768445071767)])",0.8939393939393939,0.9004457652303121,0.9148264984227129,0.9030705525308064,0.008726775452743045,50,personality
0.10991024971008301,0.0011423481820392717,0.0052098433176676435,0.007367831077684421,0.5003492610710367,0.18870659816091614,2,44,980,79,0.239903248645489,"OrderedDict([('colsample_bytree', 0.5003492610710367), ('learning_rate', 0.18870659816091614), ('max_depth', 2), ('min_child_samples', 44), ('n_estimators', 980), ('num_leaves', 79), ('subsample', 0.239903248645489)])",0.9305135951661632,0.9258160237388724,0.9478527607361963,0.9347274598804106,0.009477057779880515,39,personality
0.5383575757344564,0.008149585516149456,0.03517397244771322,0.0054802142223765145,0.8311563895216271,0.002665303673177163,9,80,2639,32,0.7802204795522933,"OrderedDict([('colsample_bytree', 0.8311563895216271), ('learning_rate', 0.002665303673177163), ('max_depth', 9), ('min_child_samples', 80), ('n_estimators', 2639), ('num_leaves', 32), ('subsample', 0.7802204795522933)])",0.9379727685325264,0.9351032448377581,0.9460708782742681,0.9397156305481843,0.00464402281099981,1,personality
1.010756492614746,0.026687507313090962,0.11010098457336426,0.01275760409706267,0.8195980974464558,0.012163299704553493,8,72,4524,113,0.4817602652146139,"OrderedDict([('colsample_bytree', 0.8195980974464558), ('learning_rate', 0.012163299704553493), ('max_depth', 8), ('min_child_samples', 72), ('n_estimators', 4524), ('num_leaves', 113), ('subsample', 0.4817602652146139)])",0.9129129129129129,0.9244444444444444,0.9397217928902627,0.9256930500825401,0.010980232949550755,43,personality
0.5650413036346436,0.0,0.05298566818237305,0.007310286580517548,0.7606252161870115,0.21229156715543918,3,20,4012,68,0.5131220627357251,"OrderedDict([('colsample_bytree', 0.7606252161870115), ('learning_rate', 0.21229156715543918), ('max_depth', 3), ('min_child_samples', 20), ('n_estimators', 4012), ('num_leaves', 68), ('subsample', 0.5131220627357251)])",0.8973966309341501,0.908284023668639,0.9050632911392406,0.9035813152473432,0.004566619431401024,49,personality
0.5550669034322103,0.014980563443116145,0.041857639948527016,0.007492943035268714,0.6553714226520847,0.083305098637355,6,88,2983,97,0.6838997587333533,"OrderedDict([('colsample_bytree', 0.6553714226520847), ('learning_rate', 0.083305098637355), ('max_depth', 6), ('min_child_samples', 88), ('n_estimators', 2983), ('num_leaves', 97), ('subsample', 0.6838997587333533)])",0.9022556390977443,0.9107142857142857,0.9235569422776911,0.9121756223632403,0.008757397173901494,46,personality
0.3401452700297038,0.007367044336512219,0.031249523162841797,1.0115243642614567e-06,0.5890627609212813,0.1900966262835655,8,84,1654,27,0.6137000224110084,"OrderedDict([('colsample_bytree', 0.5890627609212813), ('learning_rate', 0.1900966262835655), ('max_depth', 8), ('min_child_samples', 84), ('n_estimators', 1654), ('num_leaves', 27), ('subsample', 0.6137000224110084)])",0.8995502248875562,0.907185628742515,0.9204368174726989,0.9090575570342567,0.008629041047590467,47,personality
0.676925261815389,0.01959187330844195,0.042084058125813804,0.007377335539447292,0.9599301876789355,0.054390652888685394,13,42,1936,47,0.10005494567740614,"OrderedDict([('colsample_bytree', 0.9599301876789355), ('learning_rate', 0.054390652888685394), ('max_depth', 13), ('min_child_samples', 42), ('n_estimators', 1936), ('num_leaves', 47), ('subsample', 0.10005494567740614)])",0.9099236641221374,0.913946587537092,0.9190031152647975,0.9142911223080089,0.003714667900747513,45,personality
0.46156907081604004,0.019446955934945647,0.030597368876139324,0.0013792018149675032,0.10326727652926891,0.10613634417744769,11,26,2914,56,0.38155537561116537,"OrderedDict([('colsample_bytree', 0.10326727652926891), ('learning_rate', 0.10613634417744769), ('max_depth', 11), ('min_child_samples', 26), ('n_estimators', 2914), ('num_leaves', 56), ('subsample', 0.38155537561116537)])",0.9351432880844646,0.9292035398230089,0.9428129829984544,0.9357199369686425,0.0055709741121960695,38,personality
0.14220762252807617,0.0,0.016663869222005207,0.0007238018784270869,0.15112820824160855,0.001,1,53,2276,22,0.1645377499972177,"OrderedDict([('colsample_bytree', 0.15112820824160855), ('learning_rate', 0.001), ('max_depth', 1), ('min_child_samples', 53), ('n_estimators', 2276), ('num_leaves', 22), ('subsample', 0.1645377499972177)])",0.9379727685325264,0.9351032448377581,0.9460708782742681,0.9397156305481843,0.00464402281099981,1,personality
0.1256406307220459,0.0,0.015637874603271484,0.0,0.17536047732039617,0.21775448000833292,1,72,1664,117,0.31214564751588214,"OrderedDict([('colsample_bytree', 0.17536047732039617), ('learning_rate', 0.21775448000833292), ('max_depth', 1), ('min_child_samples', 72), ('n_estimators', 1664), ('num_leaves', 117), ('subsample', 0.31214564751588214)])",0.9379727685325264,0.9319526627218935,0.9428129829984544,0.9375794714176248,0.004442420593386188,33,personality
0.057292938232421875,0.007365920420551928,0.009547074635823568,0.004298079415342959,0.5332216831676035,0.001,1,81,577,64,0.5840024213841561,"OrderedDict([('colsample_bytree', 0.5332216831676035), ('learning_rate', 0.001), ('max_depth', 1), ('min_child_samples', 81), ('n_estimators', 577), ('num_leaves', 64), ('subsample', 0.5840024213841561)])",0.9379727685325264,0.9335302806499262,0.9295774647887324,0.9336935046570617,0.0034293111839959556,40,personality
0.17227506637573242,0.0,0.013690710067749023,0.0016545166851436562,1.0,0.001,3,88,1078,127,0.43756178564476444,"OrderedDict([('colsample_bytree', 1.0), ('learning_rate', 0.001), ('max_depth', 3), ('min_child_samples', 88), ('n_estimators', 1078), ('num_leaves', 127), ('subsample', 0.43756178564476444)])",0.9379727685325264,0.9335302806499262,0.9460708782742681,0.9391913091522403,0.005191677835750324,18,personality
0.84501846631368,0.018354403708276495,0.04871590932210287,0.002595853827975045,1.0,0.001,15,61,3568,148,0.9488242597454632,"OrderedDict([('colsample_bytree', 1.0), ('learning_rate', 0.001), ('max_depth', 15), ('min_child_samples', 61), ('n_estimators', 3568), ('num_leaves', 148), ('subsample', 0.9488242597454632)])",0.9379727685325264,0.9335302806499262,0.9460708782742681,0.9391913091522403,0.005191677835750324,18,personality
0.007503509521484375,0.0,0.010422388712565104,0.0073697417348169165,0.1,0.001,14,57,93,141,0.1979964643915969,"OrderedDict([('colsample_bytree', 0.1), ('learning_rate', 0.001), ('max_depth', 14), ('min_child_samples', 57), ('n_estimators', 93), ('num_leaves', 141), ('subsample', 0.1979964643915969)])",0.9347496206373292,0.9351032448377581,0.9460708782742681,0.9386412479164519,0.005255525216957924,32,personality
0.04903324445088705,0.0015232433009817246,0.001077095667521159,0.0015232433009817246,0.3065506619585633,0.017190021204626257,1,31,415,116,0.40148337491376107,"OrderedDict([('colsample_bytree', 0.3065506619585633), ('learning_rate', 0.017190021204626257), ('max_depth', 1), ('min_child_samples', 31), ('n_estimators', 415), ('num_leaves', 116), ('subsample', 0.40148337491376107)])",0.9379727685325264,0.9351032448377581,0.9460708782742681,0.9397156305481843,0.00464402281099981,1,personality
0.010870138804117838,0.001220123166491375,0.0,0.0,0.8137557972610011,0.001,4,94,50,59,0.1,"OrderedDict([('colsample_bytree', 0.8137557972610011), ('learning_rate', 0.001), ('max_depth', 4), ('min_child_samples', 94), ('n_estimators', 50), ('num_leaves', 59), ('subsample', 0.1)])",0.9363636363636364,0.9191616766467066,0.9177215189873418,0.924415610665895,0.008468963024927155,44,personality
0.992005189259847,0.02648041368025604,0.07320300738016765,0.007559402558755613,0.9793334693774504,0.001,5,100,5000,150,1.0,"OrderedDict([('colsample_bytree', 0.9793334693774504), ('learning_rate', 0.001), ('max_depth', 5), ('min_child_samples', 100), ('n_estimators', 5000), ('num_leaves', 150), ('subsample', 1.0)])",0.9379727685325264,0.9351032448377581,0.9460708782742681,0.9397156305481843,0.00464402281099981,1,personality
0.842185894648234,0.04362574440976508,0.0381018320719401,0.008344576586292061,0.1,0.001,3,89,4104,149,1.0,"OrderedDict([('colsample_bytree', 0.1), ('learning_rate', 0.001), ('max_depth', 3), ('min_child_samples', 89), ('n_estimators', 4104), ('num_leaves', 149), ('subsample', 1.0)])",0.9379727685325264,0.9351032448377581,0.9460708782742681,0.9397156305481843,0.00464402281099981,1,personality
0.10476175944010417,0.007366369986936045,0.010416189829508463,0.007365358670948918,0.1,0.025928896829900055,1,78,921,73,1.0,"OrderedDict([('colsample_bytree', 0.1), ('learning_rate', 0.025928896829900055), ('max_depth', 1), ('min_child_samples', 78), ('n_estimators', 921), ('num_leaves', 73), ('subsample', 1.0)])",0.9379727685325264,0.9351032448377581,0.9460708782742681,0.9397156305481843,0.00464402281099981,1,personality
1.0058503150939941,0.03375772086536746,0.06089083353678385,0.003803151944889093,0.1,0.010537332976265051,5,12,4809,114,0.1,"OrderedDict([('colsample_bytree', 0.1), ('learning_rate', 0.010537332976265051), ('max_depth', 5), ('min_child_samples', 12), ('n_estimators', 4809), ('num_leaves', 114), ('subsample', 0.1)])",0.9337349397590361,0.930780559646539,0.9460708782742681,0.9368621258932811,0.006622332457829324,35,personality
0.08893847465515137,0.0073665947701281025,0.004002094268798828,0.005659815992830938,0.9891596223996231,0.002443206463290783,9,13,79,102,0.4977782955051221,"OrderedDict([('colsample_bytree', 0.9891596223996231), ('learning_rate', 0.002443206463290783), ('max_depth', 9), ('min_child_samples', 13), ('n_estimators', 79), ('num_leaves', 102), ('subsample', 0.4977782955051221)])",0.9317147192716236,0.9335302806499262,0.9431643625192012,0.9361364541469169,0.005024452729502841,37,personality
1.0060516198476155,0.026847381398336596,0.06590549151102702,0.013759378761944066,0.8209946657480999,0.001,15,90,4712,25,1.0,"OrderedDict([('colsample_bytree', 0.8209946657480999), ('learning_rate', 0.001), ('max_depth', 15), ('min_child_samples', 90), ('n_estimators', 4712), ('num_leaves', 25), ('subsample', 1.0)])",0.9379727685325264,0.9351032448377581,0.9460708782742681,0.9397156305481843,0.00464402281099981,1,personality
0.1908278465270996,0.006607172001646063,0.01041722297668457,0.007366089024022859,0.1,0.001,15,94,855,70,1.0,"OrderedDict([('colsample_bytree', 0.1), ('learning_rate', 0.001), ('max_depth', 15), ('min_child_samples', 94), ('n_estimators', 855), ('num_leaves', 70), ('subsample', 1.0)])",0.9379727685325264,0.9351032448377581,0.9460708782742681,0.9397156305481843,0.00464402281099981,1,personality
1.0778461297353108,0.015450472706113607,0.10945169130961101,0.0005281281097405094,0.8828963745227464,0.001,11,93,5000,150,0.838874247617765,"OrderedDict([('colsample_bytree', 0.8828963745227464), ('learning_rate', 0.001), ('max_depth', 11), ('min_child_samples', 93), ('n_estimators', 5000), ('num_leaves', 150), ('subsample', 0.838874247617765)])",0.9379727685325264,0.9351032448377581,0.9460708782742681,0.9397156305481843,0.00464402281099981,1,personality
0.0472712516784668,0.0,0.01563096046447754,0.0,0.5119867192789258,0.17402560874258144,10,70,143,93,0.3227110361002997,"OrderedDict([('colsample_bytree', 0.5119867192789258), ('learning_rate', 0.17402560874258144), ('max_depth', 10), ('min_child_samples', 70), ('n_estimators', 143), ('num_leaves', 93), ('subsample', 0.3227110361002997)])",0.9272727272727272,0.9260355029585798,0.9444444444444444,0.9325842248919173,0.008401638208369115,42,personality
0.3471345901489258,0.0,0.014511585235595703,0.0,0.387500763879421,0.019651210430274416,12,15,430,104,0.7897900151639672,"OrderedDict([('colsample_bytree', 0.387500763879421), ('learning_rate', 0.019651210430274416), ('max_depth', 12), ('min_child_samples', 15), ('n_estimators', 430), ('num_leaves', 104), ('subsample', 0.7897900151639672)])",0.9337349397590361,0.9337260677466863,0.9444444444444444,0.9373018173167221,0.0050506013762326675,34,personality
0.32086459795633954,0.006466927913705376,0.02124365170796712,0.00737648523057866,0.12864079480555635,0.0011030909680942713,3,42,2001,97,0.5652803687182874,"OrderedDict([('colsample_bytree', 0.12864079480555635), ('learning_rate', 0.0011030909680942713), ('max_depth', 3), ('min_child_samples', 42), ('n_estimators', 2001), ('num_leaves', 97), ('subsample', 0.5652803687182874)])",0.9379727685325264,0.9351032448377581,0.9460708782742681,0.9397156305481843,0.00464402281099981,1,personality
0.6008586088816324,0.0073712028255652935,0.03647057215372721,0.007368506908420573,0.18164120990067684,0.0012403712456634916,7,20,3029,123,0.9216995437578018,"OrderedDict([('colsample_bytree', 0.18164120990067684), ('learning_rate', 0.0012403712456634916), ('max_depth', 7), ('min_child_samples', 20), ('n_estimators', 3029), ('num_leaves', 123), ('subsample', 0.9216995437578018)])",0.9379727685325264,0.9351032448377581,0.9460708782742681,0.9397156305481843,0.00464402281099981,1,personality
0.2251714070638021,0.007371090433969265,0.015631993611653645,6.293929377626843e-06,0.8347784266164698,0.0015681006860997712,1,28,1971,150,1.0,"OrderedDict([('colsample_bytree', 0.8347784266164698), ('learning_rate', 0.0015681006860997712), ('max_depth', 1), ('min_child_samples', 28), ('n_estimators', 1971), ('num_leaves', 150), ('subsample', 1.0)])",0.9379727685325264,0.9335302806499262,0.9460708782742681,0.9391913091522403,0.005191677835750324,18,personality
0.010419209798177084,0.007367493902896335,0.005209604899088542,0.007367493902896334,0.1,0.08748031928826268,15,59,50,150,0.3784588915336946,"OrderedDict([('colsample_bytree', 0.1), ('learning_rate', 0.08748031928826268), ('max_depth', 15), ('min_child_samples', 59), ('n_estimators', 50), ('num_leaves', 150), ('subsample', 0.3784588915336946)])",0.9379727685325264,0.9351032448377581,0.9460708782742681,0.9397156305481843,0.00464402281099981,1,personality
0.4424951871236165,0.013678550141654481,0.030630111694335938,0.0011878473179044481,0.5443941920235927,0.001,1,55,5000,20,0.9182516461883679,"OrderedDict([('colsample_bytree', 0.5443941920235927), ('learning_rate', 0.001), ('max_depth', 1), ('min_child_samples', 55), ('n_estimators', 5000), ('num_leaves', 20), ('subsample', 0.9182516461883679)])",0.9379727685325264,0.9335302806499262,0.9460708782742681,0.9391913091522403,0.005191677835750324,18,personality
0.01562976837158203,0.0,0.0,0.0,0.1,0.033091731879165504,2,34,50,105,0.1,"OrderedDict([('colsample_bytree', 0.1), ('learning_rate', 0.033091731879165504), ('max_depth', 2), ('min_child_samples', 34), ('n_estimators', 50), ('num_leaves', 105), ('subsample', 0.1)])",0.9379727685325264,0.9351032448377581,0.9460708782742681,0.9397156305481843,0.00464402281099981,1,personality
0.0,0.0,0.015630722045898438,0.0,0.4148813439123793,0.17200355387337324,1,1,50,150,0.5429218936712777,"OrderedDict([('colsample_bytree', 0.4148813439123793), ('learning_rate', 0.17200355387337324), ('max_depth', 1), ('min_child_samples', 1), ('n_estimators', 50), ('num_leaves', 150), ('subsample', 0.5429218936712777)])",0.9379727685325264,0.9335302806499262,0.9460708782742681,0.9391913091522403,0.005191677835750324,18,personality
0.45023131370544434,0.0,0.03528451919555664,0.0,1.0,0.001,1,72,5000,20,0.5540978035616916,"OrderedDict([('colsample_bytree', 1.0), ('learning_rate', 0.001), ('max_depth', 1), ('min_child_samples', 72), ('n_estimators', 5000), ('num_leaves', 20), ('subsample', 0.5540978035616916)])",0.9379727685325264,0.9335302806499262,0.9460708782742681,0.9391913091522403,0.005191677835750324,18,personality
0.09935919443766277,0.007366145203743986,0.013420343399047852,0.0031192039645942457,0.6396724501986297,0.0012478019417378574,2,84,598,150,0.7457821832735176,"OrderedDict([('colsample_bytree', 0.6396724501986297), ('learning_rate', 0.0012478019417378574), ('max_depth', 2), ('min_child_samples', 84), ('n_estimators', 598), ('num_leaves', 150), ('subsample', 0.7457821832735176)])",0.9379727685325264,0.9335302806499262,0.9295774647887324,0.9336935046570617,0.0034293111839959556,40,personality
0.669142484664917,0.008125998763750654,0.05767122904459635,0.007339396003889073,0.5084940418756041,0.00821318505447891,4,79,3566,116,0.35939510641329797,"OrderedDict([('colsample_bytree', 0.5084940418756041), ('learning_rate', 0.00821318505447891), ('max_depth', 4), ('min_child_samples', 79), ('n_estimators', 3566), ('num_leaves', 116), ('subsample', 0.35939510641329797)])",0.9349470499243571,0.9292035398230089,0.9460708782742681,0.9367404893405448,0.0070018614340275395,36,personality
0.0024842421213785806,0.0020184884165762,0.0,0.0,0.1,0.3,1,10,50,41,0.8797108948169892,"OrderedDict([('colsample_bytree', 0.1), ('learning_rate', 0.3), ('max_depth', 1), ('min_child_samples', 10), ('n_estimators', 50), ('num_leaves', 41), ('subsample', 0.8797108948169892)])",0.9379727685325264,0.9351032448377581,0.9444444444444444,0.9391734859382431,0.003906899387773911,31,personality
0.8199508190155029,0.00737165239194941,0.09693328539530437,0.0019429135205542003,0.1,0.001,15,65,5000,80,0.1,"OrderedDict([('colsample_bytree', 0.1), ('learning_rate', 0.001), ('max_depth', 15), ('min_child_samples', 65), ('n_estimators', 5000), ('num_leaves', 80), ('subsample', 0.1)])",0.9379727685325264,0.9351032448377581,0.9460708782742681,0.9397156305481843,0.00464402281099981,1,personality
0.29586267471313477,0.00815190367811469,0.020225683848063152,0.00816910346386497,0.1,0.006418270530962612,15,89,1488,101,0.43338723380273314,"OrderedDict([('colsample_bytree', 0.1), ('learning_rate', 0.006418270530962612), ('max_depth', 15), ('min_child_samples', 89), ('n_estimators', 1488), ('num_leaves', 101), ('subsample', 0.43338723380273314)])",0.9365558912386707,0.9351032448377581,0.9460708782742681,0.9392433381168989,0.00486408770767188,16,personality
1.0561918417612712,0.01836660260324688,0.06404407819112141,0.0015688324686578688,0.48327597914873777,0.001,15,37,3099,86,0.6495053873540193,"OrderedDict([('colsample_bytree', 0.48327597914873777), ('learning_rate', 0.001), ('max_depth', 15), ('min_child_samples', 37), ('n_estimators', 3099), ('num_leaves', 86), ('subsample', 0.6495053873540193)])",0.9365558912386707,0.9351032448377581,0.9460708782742681,0.9392433381168989,0.00486408770767188,16,personality
0.2878158887227376,0.015321278581627773,0.021671772003173828,0.0068525213769399405,1.0,0.0027888969783329627,1,63,2688,96,0.17047402586240218,"OrderedDict([('colsample_bytree', 1.0), ('learning_rate', 0.0027888969783329627), ('max_depth', 1), ('min_child_samples', 63), ('n_estimators', 2688), ('num_leaves', 96), ('subsample', 0.17047402586240218)])",0.9379727685325264,0.9335302806499262,0.9460708782742681,0.9391913091522403,0.005191677835750324,18,personality
0.486614465713501,0.00018848070654071811,0.03674610455830892,0.007460835929944519,0.5069411845096056,0.001,1,94,5000,150,0.7630237881324398,"OrderedDict([('colsample_bytree', 0.5069411845096056), ('learning_rate', 0.001), ('max_depth', 1), ('min_child_samples', 94), ('n_estimators', 5000), ('num_leaves', 150), ('subsample', 0.7630237881324398)])",0.9379727685325264,0.9335302806499262,0.9460708782742681,0.9391913091522403,0.005191677835750324,18,personality
0.40264256795247394,0.007373225874293817,0.015633424123128254,4.945230225278233e-06,1.0,0.001,15,93,1514,150,1.0,"OrderedDict([('colsample_bytree', 1.0), ('learning_rate', 0.001), ('max_depth', 15), ('min_child_samples', 93), ('n_estimators', 1514), ('num_leaves', 150), ('subsample', 1.0)])",0.9379727685325264,0.9335302806499262,0.9460708782742681,0.9391913091522403,0.005191677835750324,18,personality
0.020839214324951172,0.0073665947701281025,0.0052089691162109375,0.0073665947701281025,0.1,0.01187830103358108,15,1,50,20,0.26948240677180696,"OrderedDict([('colsample_bytree', 0.1), ('learning_rate', 0.01187830103358108), ('max_depth', 15), ('min_child_samples', 1), ('n_estimators', 50), ('num_leaves', 20), ('subsample', 0.26948240677180696)])",0.9379727685325264,0.9351032448377581,0.9460708782742681,0.9397156305481843,0.00464402281099981,1,personality
0.36590123176574707,0.007370640867585148,0.020843664805094402,0.0073693487042673,0.6946756021779079,0.001,1,100,3457,150,0.1,"OrderedDict([('colsample_bytree', 0.6946756021779079), ('learning_rate', 0.001), ('max_depth', 1), ('min_child_samples', 100), ('n_estimators', 3457), ('num_leaves', 150), ('subsample', 0.1)])",0.9379727685325264,0.9335302806499262,0.9460708782742681,0.9391913091522403,0.005191677835750324,18,personality
0.0,0.0,0.010417779286702475,0.007366482378532074,0.6028551479042724,0.02259872205498846,1,29,50,75,0.42774877677899936,"OrderedDict([('colsample_bytree', 0.6028551479042724), ('learning_rate', 0.02259872205498846), ('max_depth', 1), ('min_child_samples', 29), ('n_estimators', 50), ('num_leaves', 75), ('subsample', 0.42774877677899936)])",0.9379727685325264,0.9335302806499262,0.9460708782742681,0.9391913091522403,0.005191677835750324,18,personality
0.3134177525838216,0.0009449885394122588,0.016304175059000652,0.0009449885394122587,0.1,0.01799747625142707,1,100,3010,104,0.1,"OrderedDict([('colsample_bytree', 0.1), ('learning_rate', 0.01799747625142707), ('max_depth', 1), ('min_child_samples', 100), ('n_estimators', 3010), ('num_leaves', 104), ('subsample', 0.1)])",0.9379727685325264,0.9335302806499262,0.9460708782742681,0.9391913091522403,0.005191677835750324,18,personality
0.24527756373087564,0.007364684112995608,0.02250361442565918,0.006513139623016473,0.4142805547838525,0.003323532778505289,1,30,2294,107,1.0,"OrderedDict([('colsample_bytree', 0.4142805547838525), ('learning_rate', 0.003323532778505289), ('max_depth', 1), ('min_child_samples', 30), ('n_estimators', 2294), ('num_leaves', 107), ('subsample', 1.0)])",0.9379727685325264,0.9335302806499262,0.9460708782742681,0.9391913091522403,0.005191677835750324,18,personality
0.6312538782755533,0.04374256792709971,0.01996747652689616,0.008057794009751849,0.46909356296798244,0.06348409107711134,14,32,3367,74,0.41583820140922967,"OrderedDict([('colsample_bytree', 0.46909356296798244), ('learning_rate', 0.06348409107711134), ('max_depth', 14), ('min_child_samples', 32), ('n_estimators', 3367), ('num_leaves', 74), ('subsample', 0.41583820140922967)])",0.8487394957983193,0.8907563025210085,0.8594377510040161,0.8663111831077813,0.017828555063095768,20,Heart
0.3814542293548584,0.00122900210257767,0.01563119888305664,0.0,0.8536495199979559,0.15419810914825097,5,95,4327,28,0.22447768445071767,"OrderedDict([('colsample_bytree', 0.8536495199979559), ('learning_rate', 0.15419810914825097), ('max_depth', 5), ('min_child_samples', 95), ('n_estimators', 4327), ('num_leaves', 28), ('subsample', 0.22447768445071767)])",0.8354430379746836,0.8135593220338984,0.8502024291497976,0.8330682630527931,0.01505343796222967,48,Heart
0.1149900754292806,0.0073650212877836956,0.010417302449544271,0.00736614546097223,0.5003492610710367,0.18870659816091614,2,44,980,79,0.239903248645489,"OrderedDict([('colsample_bytree', 0.5003492610710367), ('learning_rate', 0.18870659816091614), ('max_depth', 2), ('min_child_samples', 44), ('n_estimators', 980), ('num_leaves', 79), ('subsample', 0.239903248645489)])",0.85,0.8945147679324894,0.8502024291497976,0.8649057323607622,0.020936912937139222,23,Heart
0.2768472035725911,0.0073658080289559,0.008512020111083984,0.006578972310005443,0.8311563895216271,0.002665303673177163,9,80,2639,32,0.7802204795522933,"OrderedDict([('colsample_bytree', 0.8311563895216271), ('learning_rate', 0.002665303673177163), ('max_depth', 9), ('min_child_samples', 80), ('n_estimators', 2639), ('num_leaves', 32), ('subsample', 0.7802204795522933)])",0.8765957446808511,0.8728813559322034,0.8524590163934426,0.8673120390021657,0.01061157799781133,15,Heart
0.5319051742553711,0.01879108811488508,0.0209652582804362,0.007277375378163195,0.8195980974464558,0.012163299704553493,8,72,4524,113,0.4817602652146139,"OrderedDict([('colsample_bytree', 0.8195980974464558), ('learning_rate', 0.012163299704553493), ('max_depth', 8), ('min_child_samples', 72), ('n_estimators', 4524), ('num_leaves', 113), ('subsample', 0.4817602652146139)])",0.8688524590163934,0.8823529411764706,0.8489795918367347,0.8667283306765329,0.013707152693421579,17,Heart
0.4286915461222331,0.014731953232699884,0.01562635103861491,1.5734823444067105e-06,0.7606252161870115,0.21229156715543918,3,20,4012,68,0.5131220627357251,"OrderedDict([('colsample_bytree', 0.7606252161870115), ('learning_rate', 0.21229156715543918), ('max_depth', 3), ('min_child_samples', 20), ('n_estimators', 4012), ('num_leaves', 68), ('subsample', 0.5131220627357251)])",0.8559670781893004,0.8936170212765957,0.8306451612903226,0.8600764202520729,0.02587184836425297,28,Heart
0.35370945930480957,0.01405571406358987,0.010416348775227865,0.007365471432984338,0.6553714226520847,0.083305098637355,6,88,2983,97,0.6838997587333533,"OrderedDict([('colsample_bytree', 0.6553714226520847), ('learning_rate', 0.083305098637355), ('max_depth', 6), ('min_child_samples', 88), ('n_estimators', 2983), ('num_leaves', 97), ('subsample', 0.6838997587333533)])",0.8421052631578947,0.8523206751054853,0.8477366255144033,0.8473875212592611,0.004177723913844542,41,Heart
0.1661384105682373,0.006626025950967458,0.01041706403096517,0.007365976622137711,0.5890627609212813,0.1900966262835655,8,84,1654,27,0.6137000224110084,"OrderedDict([('colsample_bytree', 0.5890627609212813), ('learning_rate', 0.1900966262835655), ('max_depth', 8), ('min_child_samples', 84), ('n_estimators', 1654), ('num_leaves', 27), ('subsample', 0.6137000224110084)])",0.8455284552845529,0.8571428571428571,0.8699186991869918,0.8575300038714673,0.00996103780895746,31,Heart
0.32400933901468915,0.007372439133121612,0.015628337860107422,7.755020126004502e-06,0.9599301876789355,0.054390652888685394,13,42,1936,47,0.10005494567740614,"OrderedDict([('colsample_bytree', 0.9599301876789355), ('learning_rate', 0.054390652888685394), ('max_depth', 13), ('min_child_samples', 42), ('n_estimators', 1936), ('num_leaves', 47), ('subsample', 0.10005494567740614)])",0.865546218487395,0.8728813559322034,0.8340080971659919,0.8574785571951967,0.01686412228806933,32,Heart
0.42355187733968097,0.02727361904198563,0.013546466827392578,0.0014707564256361582,0.10326727652926891,0.10613634417744769,11,26,2914,56,0.38155537561116537,"OrderedDict([('colsample_bytree', 0.10326727652926891), ('learning_rate', 0.10613634417744769), ('max_depth', 11), ('min_child_samples', 26), ('n_estimators', 2914), ('num_leaves', 56), ('subsample', 0.38155537561116537)])",0.8464730290456431,0.8851063829787233,0.8455284552845529,0.8590359557696399,0.01843860869743391,29,Heart
0.017012278238932293,0.0007091909709433102,0.0008362929026285807,0.001182696765013701,0.1,0.050289577357814204,5,57,71,30,0.8878219321394069,"OrderedDict([('colsample_bytree', 0.1), ('learning_rate', 0.050289577357814204), ('max_depth', 5), ('min_child_samples', 57), ('n_estimators', 71), ('num_leaves', 30), ('subsample', 0.8878219321394069)])",0.869198312236287,0.8916666666666667,0.8442622950819673,0.8683757579949737,0.01936149198701712,12,Heart
0.0628514289855957,0.005426196368419497,0.0,0.0,0.989169034666343,0.04201865252498946,3,1,238,104,0.4551112818955244,"OrderedDict([('colsample_bytree', 0.989169034666343), ('learning_rate', 0.04201865252498946), ('max_depth', 3), ('min_child_samples', 1), ('n_estimators', 238), ('num_leaves', 104), ('subsample', 0.4551112818955244)])",0.8429752066115702,0.8879668049792531,0.860655737704918,0.8638659164319137,0.01850747446329298,24,Heart
0.38086501757303876,0.008862864088062855,0.017684380213419598,0.007443583013408002,0.1,0.0018774789701483405,15,72,3820,23,1.0,"OrderedDict([('colsample_bytree', 0.1), ('learning_rate', 0.0018774789701483405), ('max_depth', 15), ('min_child_samples', 72), ('n_estimators', 3820), ('num_leaves', 23), ('subsample', 1.0)])",0.8860759493670886,0.8813559322033898,0.8512396694214877,0.8728905169973219,0.015430252559402302,8,Heart
0.33182867368062335,0.034802098634668766,0.0035014947255452475,0.004951861329443947,0.278686959311907,0.0021039802410024616,1,36,3709,90,1.0,"OrderedDict([('colsample_bytree', 0.278686959311907), ('learning_rate', 0.0021039802410024616), ('max_depth', 1), ('min_child_samples', 36), ('n_estimators', 3709), ('num_leaves', 90), ('subsample', 1.0)])",0.8907563025210085,0.8823529411764706,0.8489795918367347,0.8740296118447378,0.018042205099391077,6,Heart
0.10978841781616211,0.0,0.005209128061930339,0.00736681955332016,0.5652521613594265,0.0033615491200873174,1,45,1677,130,1.0,"OrderedDict([('colsample_bytree', 0.5652521613594265), ('learning_rate', 0.0033615491200873174), ('max_depth', 1), ('min_child_samples', 45), ('n_estimators', 1677), ('num_leaves', 130), ('subsample', 1.0)])",0.8925619834710744,0.8833333333333333,0.8442622950819673,0.8733858706287917,0.02093528099190293,7,Heart
0.3202272256215413,0.012765351436460052,0.010416189829508463,0.0073653592060407905,0.25785984399599404,0.011561855377619112,14,27,1609,150,1.0,"OrderedDict([('colsample_bytree', 0.25785984399599404), ('learning_rate', 0.011561855377619112), ('max_depth', 14), ('min_child_samples', 27), ('n_estimators', 1609), ('num_leaves', 150), ('subsample', 1.0)])",0.8666666666666667,0.8945147679324894,0.8653061224489796,0.8754958523493785,0.013459869553855076,3,Heart
0.6733911037445068,0.014684299195983568,0.023081541061401367,0.00639441595893215,0.41005932741030904,0.15423646644686473,6,1,4423,150,1.0,"OrderedDict([('colsample_bytree', 0.41005932741030904), ('learning_rate', 0.15423646644686473), ('max_depth', 6), ('min_child_samples', 1), ('n_estimators', 4423), ('num_leaves', 150), ('subsample', 1.0)])",0.8688524590163934,0.8776371308016878,0.8699186991869918,0.8721360963350243,0.003914098634246372,9,Heart
1.4848449230194092,0.03804441152231618,0.031830151875813804,0.012074045162830971,0.11182581994289485,0.001,15,1,3905,20,1.0,"OrderedDict([('colsample_bytree', 0.11182581994289485), ('learning_rate', 0.001), ('max_depth', 15), ('min_child_samples', 1), ('n_estimators', 3905), ('num_leaves', 20), ('subsample', 1.0)])",0.8816326530612245,0.8842975206611571,0.8571428571428571,0.8743576769550795,0.01222123549964727,4,Heart
0.3222209612528483,0.006583224013201198,0.010558366775512695,0.003798904096707775,0.9857096514775757,0.013706995175123077,13,38,1074,150,0.7129504451719824,"OrderedDict([('colsample_bytree', 0.9857096514775757), ('learning_rate', 0.013706995175123077), ('max_depth', 13), ('min_child_samples', 38), ('n_estimators', 1074), ('num_leaves', 150), ('subsample', 0.7129504451719824)])",0.8630705394190872,0.8945147679324894,0.8421052631578947,0.8665635235031571,0.021538179295354266,18,Heart
2.6341025034586587,0.13124969409293302,0.026051918665568035,0.007361147021641521,0.1,0.0014291165175573332,13,1,2946,141,0.9151509094630724,"OrderedDict([('colsample_bytree', 0.1), ('learning_rate', 0.0014291165175573332), ('max_depth', 13), ('min_child_samples', 1), ('n_estimators', 2946), ('num_leaves', 141), ('subsample', 0.9151509094630724)])",0.8677685950413223,0.8786610878661087,0.852589641434263,0.8663397747805647,0.010691467790261998,19,Heart
0.3589646816253662,0.007365246070975754,0.010416030883789062,0.007365246070975754,0.5389397433348627,0.00701273670356659,7,15,820,130,0.994190441462596,"OrderedDict([('colsample_bytree', 0.5389397433348627), ('learning_rate', 0.00701273670356659), ('max_depth', 7), ('min_child_samples', 15), ('n_estimators', 820), ('num_leaves', 130), ('subsample', 0.994190441462596)])",0.8583333333333333,0.8765957446808511,0.872,0.8689763593380615,0.007756103798337713,11,Heart
0.6840771834055582,0.011247588972607254,0.021591981252034504,0.0057456910340192915,0.2292374708947072,0.15194114526603114,3,63,4739,68,0.10199683920238728,"OrderedDict([('colsample_bytree', 0.2292374708947072), ('learning_rate', 0.15194114526603114), ('max_depth', 3), ('min_child_samples', 63), ('n_estimators', 4739), ('num_leaves', 68), ('subsample', 0.10199683920238728)])",0.8368200836820083,0.851063829787234,0.8514056224899599,0.846429845319734,0.0067965601404111455,43,Heart
2.192394574483236,0.063214474492042,0.04716388384501139,0.00019197856546165725,0.2190428617815004,0.010683653421600714,8,1,5000,59,1.0,"OrderedDict([('colsample_bytree', 0.2190428617815004), ('learning_rate', 0.010683653421600714), ('max_depth', 8), ('min_child_samples', 1), ('n_estimators', 5000), ('num_leaves', 59), ('subsample', 1.0)])",0.8734693877551021,0.8595744680851064,0.8629032258064516,0.86531569388222,0.00592352371601901,22,Heart
0.519082228342692,0.002038873364132999,0.015633821487426758,0.0,1.0,0.001,15,100,5000,150,1.0,"OrderedDict([('colsample_bytree', 1.0), ('learning_rate', 0.001), ('max_depth', 15), ('min_child_samples', 100), ('n_estimators', 5000), ('num_leaves', 150), ('subsample', 1.0)])",0.869198312236287,0.8632478632478633,0.8244897959183674,0.8523119904675059,0.01982267797143031,38,Heart
0.010415077209472656,0.007364571721399579,0.005207538604736328,0.007364571721399579,0.1,0.001,1,47,50,20,1.0,"OrderedDict([('colsample_bytree', 0.1), ('learning_rate', 0.001), ('max_depth', 1), ('min_child_samples', 47), ('n_estimators', 50), ('num_leaves', 20), ('subsample', 1.0)])",0.7147147147147147,0.7108433734939759,0.7108433734939759,0.7121338205675555,0.0018249677529809626,50,Heart
0.009004751841227213,0.006367321089833813,0.0045023759206136065,0.006367321089833813,0.1,0.3,15,100,50,150,1.0,"OrderedDict([('colsample_bytree', 0.1), ('learning_rate', 0.3), ('max_depth', 15), ('min_child_samples', 100), ('n_estimators', 50), ('num_leaves', 150), ('subsample', 1.0)])",0.8666666666666667,0.864406779661017,0.8381742738589212,0.8564159067288682,0.012931734857603265,34,Heart
1.382453203201294,0.026510808803634642,0.020504554112752277,0.006893651728379746,0.1,0.005871058343305614,13,1,1948,150,1.0,"OrderedDict([('colsample_bytree', 0.1), ('learning_rate', 0.005871058343305614), ('max_depth', 13), ('min_child_samples', 1), ('n_estimators', 1948), ('num_leaves', 150), ('subsample', 1.0)])",0.8641975308641975,0.864406779661017,0.8582995951417004,0.8623013018889716,0.002830923163105351,27,Heart
1.2045423984527588,0.05258157595691682,0.037277619043986,0.007129576827522771,0.1,0.04357000934168509,7,1,5000,150,1.0,"OrderedDict([('colsample_bytree', 0.1), ('learning_rate', 0.04357000934168509), ('max_depth', 7), ('min_child_samples', 1), ('n_estimators', 5000), ('num_leaves', 150), ('subsample', 1.0)])",0.8548387096774194,0.8739495798319328,0.8395061728395061,0.8560981541162862,0.01408963499722238,35,Heart
1.3244647185007732,0.03809467645248549,0.019099076588948567,0.004996952148863422,0.1167042084001622,0.01820156768718718,12,1,3045,68,0.4491356127284537,"OrderedDict([('colsample_bytree', 0.1167042084001622), ('learning_rate', 0.01820156768718718), ('max_depth', 12), ('min_child_samples', 1), ('n_estimators', 3045), ('num_leaves', 68), ('subsample', 0.4491356127284537)])",0.8442622950819673,0.8438818565400844,0.84,0.8427147172073505,0.001925867857694547,46,Heart
0.12191613515218098,0.01843408659799192,0.0,0.0,0.1,0.007265880161573734,1,100,1676,150,1.0,"OrderedDict([('colsample_bytree', 0.1), ('learning_rate', 0.007265880161573734), ('max_depth', 1), ('min_child_samples', 100), ('n_estimators', 1676), ('num_leaves', 150), ('subsample', 1.0)])",0.8713692946058091,0.8860759493670886,0.8319327731092437,0.8631260056940472,0.022859494641309645,26,Heart
0.870988925298055,0.014998236046691416,0.020970582962036133,0.005873804261550907,0.1,0.0014185457272010422,14,1,4345,20,0.7272933686094536,"OrderedDict([('colsample_bytree', 0.1), ('learning_rate', 0.0014185457272010422), ('max_depth', 14), ('min_child_samples', 1), ('n_estimators', 4345), ('num_leaves', 20), ('subsample', 0.7272933686094536)])",0.8796680497925311,0.8870292887029289,0.8617886178861789,0.8761619854605462,0.010598497728291354,2,Heart
0.4931936264038086,0.0039136509179143845,0.016102155049641926,0.006393988456522177,0.6271843960391649,0.004885897259001172,12,100,5000,104,0.18666926383075738,"OrderedDict([('colsample_bytree', 0.6271843960391649), ('learning_rate', 0.004885897259001172), ('max_depth', 12), ('min_child_samples', 100), ('n_estimators', 5000), ('num_leaves', 104), ('subsample', 0.18666926383075738)])",0.869198312236287,0.864406779661017,0.8099173553719008,0.8478408157564016,0.02688718817275951,40,Heart
1.1659114360809326,0.052375654069669195,0.015632470448811848,3.9337058610167764e-06,1.0,0.027658629758878336,15,1,5000,150,1.0,"OrderedDict([('colsample_bytree', 1.0), ('learning_rate', 0.027658629758878336), ('max_depth', 15), ('min_child_samples', 1), ('n_estimators', 5000), ('num_leaves', 150), ('subsample', 1.0)])",0.8138528138528138,0.8311688311688312,0.8300395256916996,0.8250203902377815,0.007910116073768509,49,Heart
0.21497472127278647,0.0073681682524725095,0.005210081736246745,0.007368168252472509,0.43594974188001356,0.0931153582061795,15,1,50,150,1.0,"OrderedDict([('colsample_bytree', 0.43594974188001356), ('learning_rate', 0.0931153582061795), ('max_depth', 15), ('min_child_samples', 1), ('n_estimators', 50), ('num_leaves', 150), ('subsample', 1.0)])",0.888,0.8702928870292888,0.8455284552845529,0.8679404474379472,0.01741854388579863,14,Heart
1.0406381289164226,0.03959326987938797,0.0157926082611084,0.00024084359946412547,0.1,0.080621857554357,15,1,5000,150,0.9726632597104546,"OrderedDict([('colsample_bytree', 0.1), ('learning_rate', 0.080621857554357), ('max_depth', 15), ('min_child_samples', 1), ('n_estimators', 5000), ('num_leaves', 150), ('subsample', 0.9726632597104546)])",0.8408163265306122,0.864406779661017,0.8259109311740891,0.8437113457885728,0.015848626440170325,45,Heart
0.3996713161468506,0.018629597374823375,0.01041555404663086,0.007364908898760381,0.1,0.06654528385473403,1,1,4101,150,1.0,"OrderedDict([('colsample_bytree', 0.1), ('learning_rate', 0.06654528385473403), ('max_depth', 1), ('min_child_samples', 1), ('n_estimators', 4101), ('num_leaves', 150), ('subsample', 1.0)])",0.8620689655172413,0.8796680497925311,0.8571428571428571,0.8662932908175431,0.009668842369808625,21,Heart
0.34773874282836914,0.007250862658136808,0.010419050852457682,0.007367381511300306,0.3214636942974688,0.3,1,1,3659,136,1.0,"OrderedDict([('colsample_bytree', 0.3214636942974688), ('learning_rate', 0.3), ('max_depth', 1), ('min_child_samples', 1), ('n_estimators', 3659), ('num_leaves', 136), ('subsample', 1.0)])",0.8333333333333334,0.875,0.8366533864541833,0.8483289065958389,0.018907954335172117,39,Heart
0.15570831298828125,0.0018895275124404013,0.006548007329305013,0.00663106905086703,0.2944454662775754,0.0041018884240341495,13,1,50,98,0.8794274554677545,"OrderedDict([('colsample_bytree', 0.2944454662775754), ('learning_rate', 0.0041018884240341495), ('max_depth', 13), ('min_child_samples', 1), ('n_estimators', 50), ('num_leaves', 98), ('subsample', 0.8794274554677545)])",0.8447653429602888,0.8656716417910447,0.8156028368794326,0.842013273876922,0.02053292834285109,47,Heart
0.015625476837158203,0.0,0.004940986633300781,0.003493805154159072,0.1,0.010473552966811914,1,1,50,61,0.46512298376999295,"OrderedDict([('colsample_bytree', 0.1), ('learning_rate', 0.010473552966811914), ('max_depth', 1), ('min_child_samples', 1), ('n_estimators', 50), ('num_leaves', 61), ('subsample', 0.46512298376999295)])",0.8581818181818182,0.8529411764705882,0.8303249097472925,0.8471493014665663,0.01208749212834071,42,Heart
0.2546381950378418,0.005426828214262716,0.010683854420979818,0.0047361160175083345,1.0,0.01227260015977239,12,100,2173,20,0.3550895958587572,"OrderedDict([('colsample_bytree', 1.0), ('learning_rate', 0.01227260015977239), ('max_depth', 12), ('min_child_samples', 100), ('n_estimators', 2173), ('num_leaves', 20), ('subsample', 0.3550895958587572)])",0.864406779661017,0.8547008547008547,0.8166666666666667,0.845258100342846,0.020601841415718185,44,Heart
0.010892311731974283,0.0035381998345905465,0.005003770192464192,0.003538199834590547,0.7735440100804631,0.1312908488207145,1,100,50,20,0.2863200782680372,"OrderedDict([('colsample_bytree', 0.7735440100804631), ('learning_rate', 0.1312908488207145), ('max_depth', 1), ('min_child_samples', 100), ('n_estimators', 50), ('num_leaves', 20), ('subsample', 0.2863200782680372)])",0.8760330578512396,0.8632478632478633,0.8333333333333334,0.8575380848108121,0.017893533204790913,30,Heart
0.44368958473205566,0.008089488430107442,0.015628576278686523,4.383272245132979e-06,0.3878705150132724,0.1640654732715336,6,1,2366,150,0.10750857730777068,"OrderedDict([('colsample_bytree', 0.3878705150132724), ('learning_rate', 0.1640654732715336), ('max_depth', 6), ('min_child_samples', 1), ('n_estimators', 2366), ('num_leaves', 150), ('subsample', 0.10750857730777068)])",0.8653061224489796,0.8907563025210085,0.8663967611336032,0.8741530620345305,0.011748704018570635,5,Heart
0.45200149218241376,0.006695402332402451,0.016504923502604168,0.0012432201005129731,0.3220760670108762,0.009476063752640736,2,1,3661,150,0.8209097147653384,"OrderedDict([('colsample_bytree', 0.3220760670108762), ('learning_rate', 0.009476063752640736), ('max_depth', 2), ('min_child_samples', 1), ('n_estimators', 3661), ('num_leaves', 150), ('subsample', 0.8209097147653384)])",0.8702928870292888,0.8765957446808511,0.8571428571428571,0.8680104962843324,0.008103936863276505,13,Heart
4.83663805325826,0.05322880011960838,0.04716269175211588,0.012923532622310812,0.6504610472582867,0.0028647749658936273,10,1,2521,150,0.10418818667141934,"OrderedDict([('colsample_bytree', 0.6504610472582867), ('learning_rate', 0.0028647749658936273), ('max_depth', 10), ('min_child_samples', 1), ('n_estimators', 2521), ('num_leaves', 150), ('subsample', 0.10418818667141934)])",0.8547717842323651,0.8702928870292888,0.8467741935483871,0.857279621603347,0.009763850742120864,33,Heart
0.010418256123860678,0.007366819553320161,0.005209128061930339,0.007366819553320161,0.1,0.027432275705266875,14,100,50,150,1.0,"OrderedDict([('colsample_bytree', 0.1), ('learning_rate', 0.027432275705266875), ('max_depth', 14), ('min_child_samples', 100), ('n_estimators', 50), ('num_leaves', 150), ('subsample', 1.0)])",0.8629032258064516,0.8688524590163934,0.8253968253968254,0.8523841700732234,0.019236872986682002,37,Heart
0.42424527804056805,0.014738134770481484,0.015633106231689453,7.755020126004502e-06,0.7414335968121311,0.001399830515218884,1,1,3949,150,1.0,"OrderedDict([('colsample_bytree', 0.7414335968121311), ('learning_rate', 0.001399830515218884), ('max_depth', 1), ('min_child_samples', 1), ('n_estimators', 3949), ('num_leaves', 150), ('subsample', 1.0)])",0.8925619834710744,0.864406779661017,0.8442622950819673,0.8670770194046863,0.01980845963787048,16,Heart
1.3373223940531414,0.03917359063787713,0.01562809944152832,4.224787985484445e-06,0.1,0.04877819960311232,7,1,2430,150,1.0,"OrderedDict([('colsample_bytree', 0.1), ('learning_rate', 0.04877819960311232), ('max_depth', 7), ('min_child_samples', 1), ('n_estimators', 2430), ('num_leaves', 150), ('subsample', 1.0)])",0.8548387096774194,0.869198312236287,0.8360655737704918,0.8533675318947328,0.013566327496462163,36,Heart
0.97842804590861,0.025979391290006884,0.025502443313598633,0.0028513890295576777,0.13280577414415357,0.002395322812023145,3,1,5000,20,1.0,"OrderedDict([('colsample_bytree', 0.13280577414415357), ('learning_rate', 0.002395322812023145), ('max_depth', 3), ('min_child_samples', 1), ('n_estimators', 5000), ('num_leaves', 20), ('subsample', 1.0)])",0.8879668049792531,0.8945147679324894,0.860655737704918,0.8810457702055535,0.014663651744863735,1,Heart
1.6269086201985676,0.07068767598625131,0.025506337483723957,0.004818598294355635,1.0,0.0019062224904152305,6,1,5000,20,0.1,"OrderedDict([('colsample_bytree', 1.0), ('learning_rate', 0.0019062224904152305), ('max_depth', 6), ('min_child_samples', 1), ('n_estimators', 5000), ('num_leaves', 20), ('subsample', 0.1)])",0.8451882845188284,0.8739495798319328,0.872,0.8637126214502536,0.01312284291968259,25,Heart
0.3300927480061849,0.002698364315441258,0.01199960708618164,2.0230487285229133e-06,0.1,0.0035963155260333693,1,1,3711,20,1.0,"OrderedDict([('colsample_bytree', 0.1), ('learning_rate', 0.0035963155260333693), ('max_depth', 1), ('min_child_samples', 1), ('n_estimators', 3711), ('num_leaves', 20), ('subsample', 1.0)])",0.8813559322033898,0.8776371308016878,0.8489795918367347,0.869324218280604,0.014465712099576913,10,Heart
0.6757728258768717,0.014142515582687941,0.02850619951883952,0.00041022456808075447,0.46909356296798244,0.06348409107711134,14,32,3367,74,0.41583820140922967,"OrderedDict([('colsample_bytree', 0.46909356296798244), ('learning_rate', 0.06348409107711134), ('max_depth', 14), ('min_child_samples', 32), ('n_estimators', 3367), ('num_leaves', 74), ('subsample', 0.41583820140922967)])",0.9496402877697842,0.9759615384615384,0.9655172413793104,0.9637063558702109,0.010821630784062184,37,Loan
0.5385072231292725,0.023259093124878765,0.024962186813354492,0.0006310238845506195,0.8536495199979559,0.15419810914825097,5,95,4327,28,0.22447768445071767,"OrderedDict([('colsample_bytree', 0.8536495199979559), ('learning_rate', 0.15419810914825097), ('max_depth', 5), ('min_child_samples', 95), ('n_estimators', 4327), ('num_leaves', 28), ('subsample', 0.22447768445071767)])",0.9666666666666667,0.9829683698296837,0.9731051344743277,0.9742467236568927,0.006703919296455971,6,Loan
0.12618732452392578,0.005792433430051241,0.01033639907836914,0.00046968484287933463,0.5003492610710367,0.18870659816091614,2,44,980,79,0.239903248645489,"OrderedDict([('colsample_bytree', 0.5003492610710367), ('learning_rate', 0.18870659816091614), ('max_depth', 2), ('min_child_samples', 44), ('n_estimators', 980), ('num_leaves', 79), ('subsample', 0.239903248645489)])",0.970873786407767,0.9732360097323601,0.9781021897810219,0.9740706619737164,0.003009422658320751,12,Loan
0.5688270727793375,0.004321615415481525,0.026671409606933594,0.00047305819032946106,0.8311563895216271,0.002665303673177163,9,80,2639,32,0.7802204795522933,"OrderedDict([('colsample_bytree', 0.8311563895216271), ('learning_rate', 0.002665303673177163), ('max_depth', 9), ('min_child_samples', 80), ('n_estimators', 2639), ('num_leaves', 32), ('subsample', 0.7802204795522933)])",0.95260663507109,0.975609756097561,0.9682151589242054,0.9654771833642855,0.009588474917477986,32,Loan
1.0212984879811604,0.022648281773583103,0.05701851844787598,0.008157986678127525,0.8195980974464558,0.012163299704553493,8,72,4524,113,0.4817602652146139,"OrderedDict([('colsample_bytree', 0.8195980974464558), ('learning_rate', 0.012163299704553493), ('max_depth', 8), ('min_child_samples', 72), ('n_estimators', 4524), ('num_leaves', 113), ('subsample', 0.4817602652146139)])",0.9663461538461539,0.9829683698296837,0.9656862745098039,0.9716669327285472,0.007995862288202347,21,Loan
0.36947329839070636,0.007037547857462867,0.019839048385620117,0.00022304131346173944,0.7606252161870115,0.21229156715543918,3,20,4012,68,0.5131220627357251,"OrderedDict([('colsample_bytree', 0.7606252161870115), ('learning_rate', 0.21229156715543918), ('max_depth', 3), ('min_child_samples', 20), ('n_estimators', 4012), ('num_leaves', 68), ('subsample', 0.5131220627357251)])",0.9640287769784173,0.9829683698296837,0.9705882352941176,0.9725284607007395,0.007852829651970965,20,Loan
0.38740237553914386,0.008055615503666885,0.021670023600260418,0.0004723273772090801,0.6553714226520847,0.083305098637355,6,88,2983,97,0.6838997587333533,"OrderedDict([('colsample_bytree', 0.6553714226520847), ('learning_rate', 0.083305098637355), ('max_depth', 6), ('min_child_samples', 88), ('n_estimators', 2983), ('num_leaves', 97), ('subsample', 0.6838997587333533)])",0.9688249400479616,0.9781021897810219,0.9731051344743277,0.9733440881011037,0.0037911884486006085,15,Loan
0.2335513432820638,0.0032663352375385548,0.015333811442057291,0.0004715991547328421,0.5890627609212813,0.1900966262835655,8,84,1654,27,0.6137000224110084,"OrderedDict([('colsample_bytree', 0.5890627609212813), ('learning_rate', 0.1900966262835655), ('max_depth', 8), ('min_child_samples', 84), ('n_estimators', 1654), ('num_leaves', 27), ('subsample', 0.6137000224110084)])",0.9685230024213075,0.9806763285024155,0.9656862745098039,0.971628535144509,0.006501726939642458,23,Loan
0.37619392077128094,0.014052746011704278,0.017333507537841797,0.0004737499354194139,0.9599301876789355,0.054390652888685394,13,42,1936,47,0.10005494567740614,"OrderedDict([('colsample_bytree', 0.9599301876789355), ('learning_rate', 0.054390652888685394), ('max_depth', 13), ('min_child_samples', 42), ('n_estimators', 1936), ('num_leaves', 47), ('subsample', 0.10005494567740614)])",0.9685230024213075,0.9781021897810219,0.9731051344743277,0.9732434422255524,0.003911909541699955,19,Loan
0.7797385056813558,0.008956767279766837,0.03369990984598795,0.0006306859994194958,0.10326727652926891,0.10613634417744769,11,26,2914,56,0.38155537561116537,"OrderedDict([('colsample_bytree', 0.10326727652926891), ('learning_rate', 0.10613634417744769), ('max_depth', 11), ('min_child_samples', 26), ('n_estimators', 2914), ('num_leaves', 56), ('subsample', 0.38155537561116537)])",0.9368932038834952,0.9509803921568627,0.9319899244332494,0.9399545068245357,0.008049353922852765,46,Loan
0.006001393000284831,2.2562455442076346e-06,0.003998756408691406,8.485379419351666e-07,0.6568782184419117,0.001,1,100,50,150,0.1,"OrderedDict([('colsample_bytree', 0.6568782184419117), ('learning_rate', 0.001), ('max_depth', 1), ('min_child_samples', 100), ('n_estimators', 50), ('num_leaves', 150), ('subsample', 0.1)])",0.0,0.0,0.0,0.0,0.0,49,Loan
0.00599972407023112,4.052336624139774e-07,0.003999233245849609,7.018852922382233e-07,1.0,0.001,1,1,50,20,0.1,"OrderedDict([('colsample_bytree', 1.0), ('learning_rate', 0.001), ('max_depth', 1), ('min_child_samples', 1), ('n_estimators', 50), ('num_leaves', 20), ('subsample', 0.1)])",0.0,0.0,0.0,0.0,0.0,49,Loan
0.4701417287190755,0.014843612176605212,0.029002825419108074,0.0008173144296503768,0.8442768892003553,0.003099294641338614,10,86,2996,26,0.8704936486623291,"OrderedDict([('colsample_bytree', 0.8442768892003553), ('learning_rate', 0.003099294641338614), ('max_depth', 10), ('min_child_samples', 86), ('n_estimators', 2996), ('num_leaves', 26), ('subsample', 0.8704936486623291)])",0.9617224880382775,0.9829683698296837,0.9682151589242054,0.9709686722640555,0.008889441304459681,25,Loan
0.40961535771687824,0.021396267198306788,0.02550506591796875,0.003243485753301318,1.0,0.001,1,100,5000,150,1.0,"OrderedDict([('colsample_bytree', 1.0), ('learning_rate', 0.001), ('max_depth', 1), ('min_child_samples', 100), ('n_estimators', 5000), ('num_leaves', 150), ('subsample', 1.0)])",0.8771084337349397,0.9166666666666666,0.8916876574307305,0.8951542526107789,0.01633455253497815,47,Loan
0.3452281951904297,0.0024503838594647797,0.031208594640096027,0.0012433910460533837,1.0,0.3,1,1,5000,150,1.0,"OrderedDict([('colsample_bytree', 1.0), ('learning_rate', 0.3), ('max_depth', 1), ('min_child_samples', 1), ('n_estimators', 5000), ('num_leaves', 150), ('subsample', 1.0)])",0.9685230024213075,0.970873786407767,0.9552238805970149,0.9648735564753631,0.0068905118220942245,34,Loan
0.189298947652181,0.00205812380290525,0.016000986099243164,2.9394216551632767e-06,1.0,0.06387017076205208,1,100,3036,138,0.9948878874651748,"OrderedDict([('colsample_bytree', 1.0), ('learning_rate', 0.06387017076205208), ('max_depth', 1), ('min_child_samples', 100), ('n_estimators', 3036), ('num_leaves', 138), ('subsample', 0.9948878874651748)])",0.9710144927536232,0.9734939759036144,0.9752475247524752,0.9732519978032377,0.0017365780578718277,17,Loan
0.017336924870808918,0.0037711876181831297,0.005000670750935872,4.899036091938795e-07,1.0,0.3,15,100,50,150,1.0,"OrderedDict([('colsample_bytree', 1.0), ('learning_rate', 0.3), ('max_depth', 15), ('min_child_samples', 100), ('n_estimators', 50), ('num_leaves', 150), ('subsample', 1.0)])",0.9594272076372315,0.9781021897810219,0.9754901960784313,0.9710065311655617,0.008256963840940436,24,Loan
0.07777134577433269,0.008388422241145185,0.008340835571289062,0.00047509857961826546,1.0,0.3,1,100,869,134,0.797654237272976,"OrderedDict([('colsample_bytree', 1.0), ('learning_rate', 0.3), ('max_depth', 1), ('min_child_samples', 100), ('n_estimators', 869), ('num_leaves', 134), ('subsample', 0.797654237272976)])",0.9733656174334141,0.9758454106280193,0.972972972972973,0.9740613336781355,0.0012716761486083088,13,Loan
0.920783281326294,0.02333294181753132,0.041173299153645836,0.0008510461157294953,1.0,0.019155603291030797,15,100,4254,126,0.5385306801214199,"OrderedDict([('colsample_bytree', 1.0), ('learning_rate', 0.019155603291030797), ('max_depth', 15), ('min_child_samples', 100), ('n_estimators', 4254), ('num_leaves', 126), ('subsample', 0.5385306801214199)])",0.9688249400479616,0.9781021897810219,0.9680589680589681,0.9716620326293173,0.00456460267536842,22,Loan
0.0,0.0,0.015626907348632812,0.0,1.0,0.2544646654663933,1,100,50,105,0.19549524146661373,"OrderedDict([('colsample_bytree', 1.0), ('learning_rate', 0.2544646654663933), ('max_depth', 1), ('min_child_samples', 100), ('n_estimators', 50), ('num_leaves', 105), ('subsample', 0.19549524146661373)])",0.9514563106796117,0.9509803921568627,0.9363867684478372,0.9462744904281039,0.0069943743622695445,45,Loan
0.23288456598917642,0.006979371330427009,0.01558844248453776,5.068860980910189e-05,1.0,0.012486196488124875,1,100,2717,150,1.0,"OrderedDict([('colsample_bytree', 1.0), ('learning_rate', 0.012486196488124875), ('max_depth', 1), ('min_child_samples', 100), ('n_estimators', 2717), ('num_leaves', 150), ('subsample', 1.0)])",0.9590361445783132,0.9660194174757282,0.9468354430379747,0.9572970016973388,0.007927785831173274,39,Loan
0.5959901809692383,0.022262095404958483,0.019308964411417644,0.00454720131434161,1.0,0.044493277089239225,1,100,4836,150,1.0,"OrderedDict([('colsample_bytree', 1.0), ('learning_rate', 0.044493277089239225), ('max_depth', 1), ('min_child_samples', 100), ('n_estimators', 4836), ('num_leaves', 150), ('subsample', 1.0)])",0.9710144927536232,0.9734939759036144,0.9777777777777777,0.9740954154783384,0.0027936598756257056,9,Loan
0.38596169153849286,0.01126852106631182,0.01324168841044108,0.004306072715722669,1.0,0.001,1,100,3375,150,0.3047951120183391,"OrderedDict([('colsample_bytree', 1.0), ('learning_rate', 0.001), ('max_depth', 1), ('min_child_samples', 100), ('n_estimators', 3375), ('num_leaves', 150), ('subsample', 0.3047951120183391)])",0.875,0.9095354523227384,0.8888888888888888,0.8911414470705424,0.01418872511433719,48,Loan
1.0490396817525227,0.012759413775524215,0.0663154125213623,0.004527923995414726,1.0,0.010787283795253684,15,100,5000,20,1.0,"OrderedDict([('colsample_bytree', 1.0), ('learning_rate', 0.010787283795253684), ('max_depth', 15), ('min_child_samples', 100), ('n_estimators', 5000), ('num_leaves', 20), ('subsample', 1.0)])",0.9665071770334929,0.9830508474576272,0.9705882352941176,0.9733820865950792,0.0070369245931494575,14,Loan
0.2725287278493245,0.01972510526769077,0.005675951639811198,0.0073270911444311875,1.0,0.12552114687613594,15,100,1419,150,1.0,"OrderedDict([('colsample_bytree', 1.0), ('learning_rate', 0.12552114687613594), ('max_depth', 15), ('min_child_samples', 100), ('n_estimators', 1419), ('num_leaves', 150), ('subsample', 1.0)])",0.973621103117506,0.9781021897810219,0.9731051344743277,0.9749428091242852,0.002243928179303339,4,Loan
0.4010421435038249,0.0178938747633529,0.0216372807820638,0.004912446087995683,1.0,0.3,15,100,3275,20,0.1,"OrderedDict([('colsample_bytree', 1.0), ('learning_rate', 0.3), ('max_depth', 15), ('min_child_samples', 100), ('n_estimators', 3275), ('num_leaves', 20), ('subsample', 0.1)])",0.9711538461538461,0.9757281553398058,0.9754901960784313,0.9741240658573611,0.0021025080210516625,7,Loan
0.16126489639282227,0.014737235637713252,0.015618324279785156,5.057621821307284e-06,0.1,0.3,15,58,535,20,1.0,"OrderedDict([('colsample_bytree', 0.1), ('learning_rate', 0.3), ('max_depth', 15), ('min_child_samples', 58), ('n_estimators', 535), ('num_leaves', 20), ('subsample', 1.0)])",0.9463414634146341,0.9530864197530864,0.949748743718593,0.9497255422954378,0.0027536657666262804,43,Loan
0.2093813419342041,0.013522521612894512,0.008959054946899414,0.006703476698283421,1.0,0.3,15,1,1392,150,0.1,"OrderedDict([('colsample_bytree', 1.0), ('learning_rate', 0.3), ('max_depth', 15), ('min_child_samples', 1), ('n_estimators', 1392), ('num_leaves', 150), ('subsample', 0.1)])",0.9686746987951808,0.9754901960784313,0.9481481481481482,0.9641043476739201,0.01162075666739425,35,Loan
0.31374382972717285,0.007010440839795947,0.02084239323933919,0.00736889977559155,1.0,0.12066561009920576,1,100,3760,20,1.0,"OrderedDict([('colsample_bytree', 1.0), ('learning_rate', 0.12066561009920576), ('max_depth', 1), ('min_child_samples', 100), ('n_estimators', 3760), ('num_leaves', 20), ('subsample', 1.0)])",0.9611650485436893,0.9734939759036144,0.972972972972973,0.9692106658067589,0.005693085213443105,30,Loan
0.3653875986735026,0.006910262123620813,0.020843346913655598,0.007369236513230329,1.0,0.3,1,100,4095,150,0.1,"OrderedDict([('colsample_bytree', 1.0), ('learning_rate', 0.3), ('max_depth', 1), ('min_child_samples', 100), ('n_estimators', 4095), ('num_leaves', 150), ('subsample', 0.1)])",0.9633251833740831,0.9757281553398058,0.9705882352941176,0.9698805246693355,0.005088160711687997,28,Loan
0.9213472207387289,0.01276243128656118,0.03439974784851074,0.004445482963765396,0.4833030599336746,0.004198361368582473,15,9,2830,20,1.0,"OrderedDict([('colsample_bytree', 0.4833030599336746), ('learning_rate', 0.004198361368582473), ('max_depth', 15), ('min_child_samples', 9), ('n_estimators', 2830), ('num_leaves', 20), ('subsample', 1.0)])",0.9330143540669856,0.9658536585365853,0.9434889434889435,0.9474523186975047,0.013696379979022354,44,Loan
0.1518398920694987,0.0073683943959867645,0.010419766108194986,0.007367889218310863,1.0,0.1151530394180597,1,100,1747,20,0.1,"OrderedDict([('colsample_bytree', 1.0), ('learning_rate', 0.1151530394180597), ('max_depth', 1), ('min_child_samples', 100), ('n_estimators', 1747), ('num_leaves', 20), ('subsample', 0.1)])",0.9710144927536232,0.9734939759036144,0.9777777777777777,0.9740954154783384,0.0027936598756257056,9,Loan
0.7712061405181885,0.011953429047618718,0.045872767766316734,0.0021389385136704395,0.46476517000177764,0.04371829826485567,15,100,5000,20,0.1,"OrderedDict([('colsample_bytree', 0.46476517000177764), ('learning_rate', 0.04371829826485567), ('max_depth', 15), ('min_child_samples', 100), ('n_estimators', 5000), ('num_leaves', 20), ('subsample', 0.1)])",0.963855421686747,0.9783132530120482,0.9680589680589681,0.9700758809192545,0.006072241473690285,27,Loan
0.34272058804829914,0.007220527626834876,0.020235459009806316,0.006591019031992343,1.0,0.009576238651265905,1,100,3642,20,0.1,"OrderedDict([('colsample_bytree', 1.0), ('learning_rate', 0.009576238651265905), ('max_depth', 1), ('min_child_samples', 100), ('n_estimators', 3642), ('num_leaves', 20), ('subsample', 0.1)])",0.9590361445783132,0.9660194174757282,0.9468354430379747,0.9572970016973388,0.007927785831173274,39,Loan
0.4335775375366211,0.014792869477747632,0.017637968063354492,0.0022867194128070667,1.0,0.019838596929422636,1,1,5000,150,0.1,"OrderedDict([('colsample_bytree', 1.0), ('learning_rate', 0.019838596929422636), ('max_depth', 1), ('min_child_samples', 1), ('n_estimators', 5000), ('num_leaves', 150), ('subsample', 0.1)])",0.9828850855745721,0.9757281553398058,0.967741935483871,0.9754517254660829,0.006185254442283953,1,Loan
0.9858389695485433,0.018348661641637114,0.026015202204386394,0.007332626019170861,1.0,0.10157777432489386,15,1,5000,150,0.1,"OrderedDict([('colsample_bytree', 1.0), ('learning_rate', 0.10157777432489386), ('max_depth', 15), ('min_child_samples', 1), ('n_estimators', 5000), ('num_leaves', 150), ('subsample', 0.1)])",0.9686746987951808,0.9754901960784313,0.9481481481481482,0.9641043476739201,0.01162075666739425,35,Loan
0.6333995660146078,0.0073658080289559,0.05774283409118652,0.007365077592276399,0.1,0.3,15,100,5000,150,0.1,"OrderedDict([('colsample_bytree', 0.1), ('learning_rate', 0.3), ('max_depth', 15), ('min_child_samples', 100), ('n_estimators', 5000), ('num_leaves', 150), ('subsample', 0.1)])",0.948905109489051,0.9629629629629629,0.9571788413098237,0.9563489712539459,0.005769016340516866,41,Loan
0.4155099391937256,0.004534466168362037,0.01856231689453125,0.006631435873593389,1.0,0.026394426192844354,1,100,4651,20,0.1,"OrderedDict([('colsample_bytree', 1.0), ('learning_rate', 0.026394426192844354), ('max_depth', 1), ('min_child_samples', 100), ('n_estimators', 4651), ('num_leaves', 20), ('subsample', 0.1)])",0.9685230024213075,0.9733656174334141,0.97,0.9706295399515739,0.0020264863601548964,26,Loan
0.19652565320332846,0.007372101958333526,0.017421881357828777,0.0025219550232958698,1.0,0.09524373793192374,1,100,1967,150,1.0,"OrderedDict([('colsample_bytree', 1.0), ('learning_rate', 0.09524373793192374), ('max_depth', 1), ('min_child_samples', 100), ('n_estimators', 1967), ('num_leaves', 150), ('subsample', 1.0)])",0.9710144927536232,0.9734939759036144,0.9752475247524752,0.9732519978032377,0.0017365780578718277,17,Loan
0.20903611183166504,0.00737165239194941,0.010420560836791992,0.007368451320145423,1.0,0.17041608057055532,15,100,1230,20,1.0,"OrderedDict([('colsample_bytree', 1.0), ('learning_rate', 0.17041608057055532), ('max_depth', 15), ('min_child_samples', 100), ('n_estimators', 1230), ('num_leaves', 20), ('subsample', 1.0)])",0.973621103117506,0.9781021897810219,0.9731051344743277,0.9749428091242852,0.002243928179303339,4,Loan
0.5711150169372559,0.01955071863786923,0.022005637486775715,0.007814317648567073,1.0,0.06749650503521389,15,100,4125,150,0.1,"OrderedDict([('colsample_bytree', 1.0), ('learning_rate', 0.06749650503521389), ('max_depth', 15), ('min_child_samples', 100), ('n_estimators', 4125), ('num_leaves', 150), ('subsample', 0.1)])",0.9712918660287081,0.9804878048780488,0.9705882352941176,0.9741226354002915,0.004510011893043785,8,Loan
0.8828160762786865,0.018457973415969654,0.047148545583089195,0.00019213404977289227,1.0,0.01833085871268746,15,100,5000,150,0.1,"OrderedDict([('colsample_bytree', 1.0), ('learning_rate', 0.01833085871268746), ('max_depth', 15), ('min_child_samples', 100), ('n_estimators', 5000), ('num_leaves', 150), ('subsample', 0.1)])",0.9688249400479616,0.9805825242718447,0.9705882352941176,0.973331899871308,0.005177255912773532,16,Loan
0.1280048688252767,0.0033084714123071666,0.0076830387115478516,0.0009400433091869805,1.0,0.1365536994548669,1,100,1390,150,0.1,"OrderedDict([('colsample_bytree', 1.0), ('learning_rate', 0.1365536994548669), ('max_depth', 1), ('min_child_samples', 100), ('n_estimators', 1390), ('num_leaves', 150), ('subsample', 0.1)])",0.9710144927536232,0.9734939759036144,0.9777777777777777,0.9740954154783384,0.0027936598756257056,9,Loan
0.3981768290201823,0.006768196613514945,0.01562349001566569,5.619579801452537e-07,0.9937742540220359,0.13150786551184132,15,1,2909,150,0.1,"OrderedDict([('colsample_bytree', 0.9937742540220359), ('learning_rate', 0.13150786551184132), ('max_depth', 15), ('min_child_samples', 1), ('n_estimators', 2909), ('num_leaves', 150), ('subsample', 0.1)])",0.9663461538461539,0.9754901960784313,0.9481481481481482,0.9633281660242444,0.011364508616019451,38,Loan
0.44687533378601074,0.006838241877195535,0.015263001124064127,0.0005352087802903397,1.0,0.3,15,100,4364,20,1.0,"OrderedDict([('colsample_bytree', 1.0), ('learning_rate', 0.3), ('max_depth', 15), ('min_child_samples', 100), ('n_estimators', 4364), ('num_leaves', 20), ('subsample', 1.0)])",0.973621103117506,0.9757281553398058,0.9754901960784313,0.9749464848452477,0.0009422079373090088,2,Loan
0.20604713757832846,0.010089421880592371,0.008130868275960287,0.006398845674780622,1.0,0.05001223545069285,1,100,2381,20,0.1,"OrderedDict([('colsample_bytree', 1.0), ('learning_rate', 0.05001223545069285), ('max_depth', 1), ('min_child_samples', 100), ('n_estimators', 2381), ('num_leaves', 20), ('subsample', 0.1)])",0.9685230024213075,0.9710144927536232,0.97,0.9698458317249768,0.0010229717857866514,29,Loan
0.39769601821899414,0.014732852365468117,0.018628994623819988,0.004247109881195215,0.1,0.0066680350137797795,1,1,5000,150,1.0,"OrderedDict([('colsample_bytree', 0.1), ('learning_rate', 0.0066680350137797795), ('max_depth', 1), ('min_child_samples', 1), ('n_estimators', 5000), ('num_leaves', 150), ('subsample', 1.0)])",0.9605911330049262,0.9633251833740831,0.9387755102040817,0.9542306088610304,0.010985257203096755,42,Loan
0.39595508575439453,0.0030689649211692598,0.01331329345703125,0.004810472701639402,1.0,0.3,15,100,3682,150,1.0,"OrderedDict([('colsample_bytree', 1.0), ('learning_rate', 0.3), ('max_depth', 15), ('min_child_samples', 100), ('n_estimators', 3682), ('num_leaves', 150), ('subsample', 1.0)])",0.973621103117506,0.9757281553398058,0.9754901960784313,0.9749464848452477,0.0009422079373090088,2,Loan
0.22475496927897134,0.007362436281075028,0.0,0.0,1.0,0.3,1,100,2449,150,1.0,"OrderedDict([('colsample_bytree', 1.0), ('learning_rate', 0.3), ('max_depth', 1), ('min_child_samples', 100), ('n_estimators', 2449), ('num_leaves', 150), ('subsample', 1.0)])",0.9611650485436893,0.9757281553398058,0.9705882352941176,0.9691604797258709,0.006030471753838624,31,Loan
0.14664856592814127,0.007618663924014459,0.0055472056070963545,0.007144659528041432,1.0,0.04616545051195605,1,100,1633,20,1.0,"OrderedDict([('colsample_bytree', 1.0), ('learning_rate', 0.04616545051195605), ('max_depth', 1), ('min_child_samples', 100), ('n_estimators', 1633), ('num_leaves', 20), ('subsample', 1.0)])",0.9663461538461539,0.966183574879227,0.9622166246851386,0.9649154511368399,0.0019095123535296423,33,Loan
0.476826270421346,0.015924696269381994,0.012918392817179361,0.0038272148547218014,0.46909356296798244,0.06348409107711134,14,32,3367,74,0.41583820140922967,"OrderedDict([('colsample_bytree', 0.46909356296798244), ('learning_rate', 0.06348409107711134), ('max_depth', 14), ('min_child_samples', 32), ('n_estimators', 3367), ('num_leaves', 74), ('subsample', 0.41583820140922967)])",0.8556149732620321,0.8333333333333334,0.8426966292134831,0.8438816452696162,0.009134953631263995,41,Machine
0.37228822708129883,0.014132979327301023,0.017525355021158855,0.0012195032142702632,0.8536495199979559,0.15419810914825097,5,95,4327,28,0.22447768445071767,"OrderedDict([('colsample_bytree', 0.8536495199979559), ('learning_rate', 0.15419810914825097), ('max_depth', 5), ('min_child_samples', 95), ('n_estimators', 4327), ('num_leaves', 28), ('subsample', 0.22447768445071767)])",0.8333333333333334,0.8108108108108109,0.8571428571428571,0.8337623337623338,0.01891741103419073,44,Machine
0.12164171536763509,0.004957031342861283,0.009118318557739258,0.006945320293950527,0.5003492610710367,0.18870659816091614,2,44,980,79,0.239903248645489,"OrderedDict([('colsample_bytree', 0.5003492610710367), ('learning_rate', 0.18870659816091614), ('max_depth', 2), ('min_child_samples', 44), ('n_estimators', 980), ('num_leaves', 79), ('subsample', 0.239903248645489)])",0.8603351955307262,0.7934782608695652,0.8295454545454546,0.827786303648582,0.02732255950650994,45,Machine
0.2989814281463623,0.013853115689131577,0.015634775161743164,0.0021506053369801797,0.8311563895216271,0.002665303673177163,9,80,2639,32,0.7802204795522933,"OrderedDict([('colsample_bytree', 0.8311563895216271), ('learning_rate', 0.002665303673177163), ('max_depth', 9), ('min_child_samples', 80), ('n_estimators', 2639), ('num_leaves', 32), ('subsample', 0.7802204795522933)])",0.8842105263157894,0.8426966292134831,0.8977272727272727,0.8748781427521818,0.02341527946475933,25,Machine
0.4659140904744466,0.015467331445517965,0.01592397689819336,0.0010159076365065898,0.8195980974464558,0.012163299704553493,8,72,4524,113,0.4817602652146139,"OrderedDict([('colsample_bytree', 0.8195980974464558), ('learning_rate', 0.012163299704553493), ('max_depth', 8), ('min_child_samples', 72), ('n_estimators', 4524), ('num_leaves', 113), ('subsample', 0.4817602652146139)])",0.8677248677248677,0.8241758241758241,0.8764044943820225,0.8561017287609047,0.022851426175896226,33,Machine
0.36093775431315106,0.009459596209653792,0.007717212041219075,0.006386565261896341,0.7606252161870115,0.21229156715543918,3,20,4012,68,0.5131220627357251,"OrderedDict([('colsample_bytree', 0.7606252161870115), ('learning_rate', 0.21229156715543918), ('max_depth', 3), ('min_child_samples', 20), ('n_estimators', 4012), ('num_leaves', 68), ('subsample', 0.5131220627357251)])",0.8617021276595744,0.8306010928961749,0.861878453038674,0.8513938911981412,0.014702904896187828,36,Machine
0.27794742584228516,0.0073665947701281025,0.01562960942586263,1.9106571324938627e-06,0.6553714226520847,0.083305098637355,6,88,2983,97,0.6838997587333533,"OrderedDict([('colsample_bytree', 0.6553714226520847), ('learning_rate', 0.083305098637355), ('max_depth', 6), ('min_child_samples', 88), ('n_estimators', 2983), ('num_leaves', 97), ('subsample', 0.6838997587333533)])",0.8333333333333334,0.8324324324324325,0.8715083798882681,0.8457580485513446,0.018211948066755846,39,Machine
0.14876508712768555,0.0,0.01041714350382487,0.007366032812147957,0.5890627609212813,0.1900966262835655,8,84,1654,27,0.6137000224110084,"OrderedDict([('colsample_bytree', 0.5890627609212813), ('learning_rate', 0.1900966262835655), ('max_depth', 8), ('min_child_samples', 84), ('n_estimators', 1654), ('num_leaves', 27), ('subsample', 0.6137000224110084)])",0.8315789473684211,0.8216216216216217,0.8743169398907104,0.8425058362935843,0.022858212500212114,42,Machine
0.29027318954467773,0.0,0.01562952995300293,0.0,0.9599301876789355,0.054390652888685394,13,42,1936,47,0.10005494567740614,"OrderedDict([('colsample_bytree', 0.9599301876789355), ('learning_rate', 0.054390652888685394), ('max_depth', 13), ('min_child_samples', 42), ('n_estimators', 1936), ('num_leaves', 47), ('subsample', 0.10005494567740614)])",0.850828729281768,0.8128342245989305,0.8571428571428571,0.8402686036745185,0.019569549800797528,43,Machine
0.3771231174468994,0.012761360435270626,0.01776734987894694,0.0027474427994594475,0.10326727652926891,0.10613634417744769,11,26,2914,56,0.38155537561116537,"OrderedDict([('colsample_bytree', 0.10326727652926891), ('learning_rate', 0.10613634417744769), ('max_depth', 11), ('min_child_samples', 26), ('n_estimators', 2914), ('num_leaves', 56), ('subsample', 0.38155537561116537)])",0.8087431693989071,0.7978142076502732,0.8505747126436781,0.8190440298976195,0.02273761226177492,47,Machine
1.3996286392211914,0.007622510434286251,0.05051525433858236,0.006436104746603591,1.0,0.001,15,1,5000,20,1.0,"OrderedDict([('colsample_bytree', 1.0), ('learning_rate', 0.001), ('max_depth', 15), ('min_child_samples', 1), ('n_estimators', 5000), ('num_leaves', 20), ('subsample', 1.0)])",0.8465608465608465,0.8372093023255814,0.8666666666666667,0.8501456051843649,0.012290157288728443,37,Machine
0.2384327252705892,0.01036379110882953,0.008379697799682617,0.0064316870994385565,1.0,0.001,6,46,1667,144,0.6862014726612926,"OrderedDict([('colsample_bytree', 1.0), ('learning_rate', 0.001), ('max_depth', 6), ('min_child_samples', 46), ('n_estimators', 1667), ('num_leaves', 144), ('subsample', 0.6862014726612926)])",0.8631578947368421,0.8691099476439791,0.9081081081081082,0.8801253168296431,0.01993546570399838,10,Machine
0.14164423942565918,0.0,0.010428110758463541,0.007373787832273962,0.6519941552828639,0.001,1,31,2293,137,0.68672630106099,"OrderedDict([('colsample_bytree', 0.6519941552828639), ('learning_rate', 0.001), ('max_depth', 1), ('min_child_samples', 31), ('n_estimators', 2293), ('num_leaves', 137), ('subsample', 0.68672630106099)])",0.8586387434554974,0.875,0.9130434782608695,0.8822274072387889,0.022791012173766972,2,Machine
0.06814297040303548,0.007372101958333526,0.016134897867838543,0.000701885517201422,0.16815600192420493,0.001,2,2,816,108,0.7951626655500703,"OrderedDict([('colsample_bytree', 0.16815600192420493), ('learning_rate', 0.001), ('max_depth', 2), ('min_child_samples', 2), ('n_estimators', 816), ('num_leaves', 108), ('subsample', 0.7951626655500703)])",0.872093023255814,0.7976190476190477,0.8674698795180723,0.8457273167976447,0.0340700018298132,40,Machine
2.0472005208333335,0.014916500233379587,0.033641417821248375,0.010902349755229523,0.815308484729508,0.001,6,1,3045,98,0.62880299342191,"OrderedDict([('colsample_bytree', 0.815308484729508), ('learning_rate', 0.001), ('max_depth', 6), ('min_child_samples', 1), ('n_estimators', 3045), ('num_leaves', 98), ('subsample', 0.62880299342191)])",0.8723404255319149,0.8275862068965517,0.8764044943820225,0.8587770422701629,0.022117569522627584,30,Machine
0.3825342655181885,0.0,0.015648603439331055,0.0,0.5931558443607834,0.001,13,57,4001,21,1.0,"OrderedDict([('colsample_bytree', 0.5931558443607834), ('learning_rate', 0.001), ('max_depth', 13), ('min_child_samples', 57), ('n_estimators', 4001), ('num_leaves', 21), ('subsample', 1.0)])",0.8888888888888888,0.8461538461538461,0.9050279329608939,0.8800235560012096,0.024839285010482534,11,Machine
0.5984102090199789,0.026309381455328875,0.023881196975708008,0.007497886353545679,0.6279336507004558,0.001,15,58,4665,20,0.6532543420512344,"OrderedDict([('colsample_bytree', 0.6279336507004558), ('learning_rate', 0.001), ('max_depth', 15), ('min_child_samples', 58), ('n_estimators', 4665), ('num_leaves', 20), ('subsample', 0.6532543420512344)])",0.8888888888888888,0.8426966292134831,0.9050279329608939,0.878871150354422,0.026414190261066166,17,Machine
0.013491312662760416,0.002595683910290927,0.0018354256947835286,0.002595683910290927,1.0,0.001,1,66,50,150,1.0,"OrderedDict([('colsample_bytree', 1.0), ('learning_rate', 0.001), ('max_depth', 1), ('min_child_samples', 66), ('n_estimators', 50), ('num_leaves', 150), ('subsample', 1.0)])",0.0,0.0,0.0,0.0,0.0,50,Machine
0.417086919148763,0.009223298708230113,0.015000184377034506,0.004366107765293122,0.1,0.3,1,100,5000,150,1.0,"OrderedDict([('colsample_bytree', 0.1), ('learning_rate', 0.3), ('max_depth', 1), ('min_child_samples', 100), ('n_estimators', 5000), ('num_leaves', 150), ('subsample', 1.0)])",0.8421052631578947,0.8306010928961749,0.8850574712643678,0.8525879424394791,0.02343486305962932,34,Machine
1.058198054631551,0.05329870434845634,0.01562635103861491,1.9979167127571954e-06,1.0,0.001,15,1,1163,80,1.0,"OrderedDict([('colsample_bytree', 1.0), ('learning_rate', 0.001), ('max_depth', 15), ('min_child_samples', 1), ('n_estimators', 1163), ('num_leaves', 80), ('subsample', 1.0)])",0.7872340425531915,0.7777777777777778,0.8426966292134831,0.8025694831814841,0.028635596989070672,48,Machine
0.09281555811564128,0.001888965554460256,0.005337874094645183,0.0049911492087379005,0.1,0.001,1,16,1206,150,0.7954089077235039,"OrderedDict([('colsample_bytree', 0.1), ('learning_rate', 0.001), ('max_depth', 1), ('min_child_samples', 16), ('n_estimators', 1206), ('num_leaves', 150), ('subsample', 0.7954089077235039)])",0.7898089171974523,0.726027397260274,0.7785234899328859,0.7647866014635373,0.027791451323367505,49,Machine
0.20930973688761392,0.012756007089665301,0.00687718391418457,0.006512506592576965,1.0,0.001,1,8,2395,150,1.0,"OrderedDict([('colsample_bytree', 1.0), ('learning_rate', 0.001), ('max_depth', 1), ('min_child_samples', 8), ('n_estimators', 2395), ('num_leaves', 150), ('subsample', 1.0)])",0.8631578947368421,0.875,0.9010989010989011,0.8797522652785811,0.015849668974460336,13,Machine
0.403922160466512,0.014214389932986106,0.009674866994222006,0.00684116405869229,1.0,0.001,12,90,3712,96,1.0,"OrderedDict([('colsample_bytree', 1.0), ('learning_rate', 0.001), ('max_depth', 12), ('min_child_samples', 90), ('n_estimators', 3712), ('num_leaves', 96), ('subsample', 1.0)])",0.8677248677248677,0.8444444444444444,0.9162011173184358,0.8761234764959159,0.029890438799646264,23,Machine
0.4660933017730713,0.007370303692797061,0.018672625223795574,0.0032316320418546464,0.1,0.001,2,45,4814,150,0.1,"OrderedDict([('colsample_bytree', 0.1), ('learning_rate', 0.001), ('max_depth', 2), ('min_child_samples', 45), ('n_estimators', 4814), ('num_leaves', 150), ('subsample', 0.1)])",0.8555555555555555,0.8314606741573034,0.9090909090909091,0.8653690462679227,0.03244319953326623,27,Machine
0.3233023484547933,0.006256390584553139,0.014886776606241861,0.00228390962290634,0.1,0.001,1,100,3846,43,1.0,"OrderedDict([('colsample_bytree', 0.1), ('learning_rate', 0.001), ('max_depth', 1), ('min_child_samples', 100), ('n_estimators', 3846), ('num_leaves', 43), ('subsample', 1.0)])",0.8666666666666667,0.8228571428571428,0.9017341040462428,0.8637526378566841,0.032267242672569654,29,Machine
0.6390336354573568,0.006829025766321152,0.03688939412434896,0.007364346938207521,1.0,0.3,5,100,4774,150,1.0,"OrderedDict([('colsample_bytree', 1.0), ('learning_rate', 0.3), ('max_depth', 5), ('min_child_samples', 100), ('n_estimators', 4774), ('num_leaves', 150), ('subsample', 1.0)])",0.8235294117647058,0.8021978021978022,0.8361581920903954,0.8206284686843012,0.014015197072726625,46,Machine
1.0069125493367512,0.01358892369862709,0.020430882771809895,0.007963088601197717,0.1,0.001,15,21,4539,61,1.0,"OrderedDict([('colsample_bytree', 0.1), ('learning_rate', 0.001), ('max_depth', 15), ('min_child_samples', 21), ('n_estimators', 4539), ('num_leaves', 61), ('subsample', 1.0)])",0.8555555555555555,0.8295454545454546,0.9090909090909091,0.8647306397306398,0.03311602292874404,28,Machine
0.3257550398508708,0.0037774815425363957,0.010682900746663412,0.0037774815425363957,1.0,0.001,15,100,2449,143,0.1,"OrderedDict([('colsample_bytree', 1.0), ('learning_rate', 0.001), ('max_depth', 15), ('min_child_samples', 100), ('n_estimators', 2449), ('num_leaves', 143), ('subsample', 0.1)])",0.8631578947368421,0.8691099476439791,0.9130434782608695,0.8817704402138969,0.022246481593994234,3,Machine
0.44076045354207355,0.012985225665240328,0.015965859095255535,0.0003089644974838605,1.0,0.001,15,90,3907,150,0.1,"OrderedDict([('colsample_bytree', 1.0), ('learning_rate', 0.001), ('max_depth', 15), ('min_child_samples', 90), ('n_estimators', 3907), ('num_leaves', 150), ('subsample', 0.1)])",0.8677248677248677,0.8426966292134831,0.9162011173184358,0.8755408714189289,0.030512782875400123,24,Machine
0.26128101348876953,0.007318715950219727,0.005212863286336263,0.007372101958333526,1.0,0.001,15,100,2249,20,1.0,"OrderedDict([('colsample_bytree', 1.0), ('learning_rate', 0.001), ('max_depth', 15), ('min_child_samples', 100), ('n_estimators', 2249), ('num_leaves', 20), ('subsample', 1.0)])",0.8586387434554974,0.8691099476439791,0.9130434782608695,0.8802640564534486,0.02356946329202021,8,Machine
0.2903318405151367,0.007509939949127122,0.014893531799316406,0.0005253183198397832,1.0,0.001,1,100,3510,20,0.9120874271079616,"OrderedDict([('colsample_bytree', 1.0), ('learning_rate', 0.001), ('max_depth', 1), ('min_child_samples', 100), ('n_estimators', 3510), ('num_leaves', 20), ('subsample', 0.9120874271079616)])",0.8631578947368421,0.8691099476439791,0.9130434782608695,0.8817704402138969,0.022246481593994234,3,Machine
0.32821138699849445,0.0020687921081067374,0.01381214459737142,0.006663472945370362,1.0,0.001,1,13,4116,116,0.7742819674251884,"OrderedDict([('colsample_bytree', 1.0), ('learning_rate', 0.001), ('max_depth', 1), ('min_child_samples', 13), ('n_estimators', 4116), ('num_leaves', 116), ('subsample', 0.7742819674251884)])",0.8631578947368421,0.8691099476439791,0.9120879120879121,0.8814519181562445,0.021798774072383394,6,Machine
0.25743961334228516,0.0,0.006710370381673177,0.00948989680230893,0.1,0.001,15,100,2312,36,1.0,"OrderedDict([('colsample_bytree', 0.1), ('learning_rate', 0.001), ('max_depth', 15), ('min_child_samples', 100), ('n_estimators', 2312), ('num_leaves', 36), ('subsample', 1.0)])",0.875,0.8255813953488372,0.8690476190476191,0.8565430047988188,0.022027613799508655,32,Machine
0.26163172721862793,0.0073665947701281025,0.010416825612386068,0.007365808155003509,1.0,0.001,1,100,2691,150,0.857817176840897,"OrderedDict([('colsample_bytree', 1.0), ('learning_rate', 0.001), ('max_depth', 1), ('min_child_samples', 100), ('n_estimators', 2691), ('num_leaves', 150), ('subsample', 0.857817176840897)])",0.8631578947368421,0.875,0.9010989010989011,0.8797522652785811,0.015849668974460336,13,Machine
0.19914833704630533,0.019629315357840574,0.01054986317952474,0.007461574998476344,1.0,0.3,1,100,2334,150,1.0,"OrderedDict([('colsample_bytree', 1.0), ('learning_rate', 0.3), ('max_depth', 1), ('min_child_samples', 100), ('n_estimators', 2334), ('num_leaves', 150), ('subsample', 1.0)])",0.8279569892473119,0.8241758241758241,0.8876404494382022,0.8465910876204461,0.029067299858067896,38,Machine
0.13725058237711588,0.005898649984636058,0.005212148030598958,0.007371090433969265,1.0,0.001,1,1,1759,20,0.1,"OrderedDict([('colsample_bytree', 1.0), ('learning_rate', 0.001), ('max_depth', 1), ('min_child_samples', 1), ('n_estimators', 1759), ('num_leaves', 20), ('subsample', 0.1)])",0.8586387434554974,0.8691099476439791,0.9010989010989011,0.8762825307327925,0.01806102078879861,20,Machine
0.08373959859212239,0.007366369986936045,0.010417620340983072,0.007366369986936045,1.0,0.3,2,86,788,71,0.1,"OrderedDict([('colsample_bytree', 1.0), ('learning_rate', 0.3), ('max_depth', 2), ('min_child_samples', 86), ('n_estimators', 788), ('num_leaves', 71), ('subsample', 0.1)])",0.8541666666666666,0.8415300546448088,0.8764044943820225,0.8573670718978326,0.014416161809554668,31,Machine
0.2803658644358317,0.01236911574339385,0.01105173428853353,0.0067504597405408425,1.0,0.001,1,100,3274,74,0.815626332821678,"OrderedDict([('colsample_bytree', 1.0), ('learning_rate', 0.001), ('max_depth', 1), ('min_child_samples', 100), ('n_estimators', 3274), ('num_leaves', 74), ('subsample', 0.815626332821678)])",0.8631578947368421,0.875,0.9130434782608695,0.8837337909992372,0.02128148161817289,1,Machine
0.3287978172302246,0.0013935433991642003,0.010422706604003906,0.007369966518008974,1.0,0.001,1,100,4029,20,0.4141386030783427,"OrderedDict([('colsample_bytree', 1.0), ('learning_rate', 0.001), ('max_depth', 1), ('min_child_samples', 100), ('n_estimators', 4029), ('num_leaves', 20), ('subsample', 0.4141386030783427)])",0.8631578947368421,0.8691099476439791,0.907103825136612,0.8797905558391445,0.019465657677721033,12,Machine
0.23038959503173828,0.01275707776700335,0.0,0.0,1.0,0.001,1,1,2540,20,0.3553587897810081,"OrderedDict([('colsample_bytree', 1.0), ('learning_rate', 0.001), ('max_depth', 1), ('min_child_samples', 1), ('n_estimators', 2540), ('num_leaves', 20), ('subsample', 0.3553587897810081)])",0.8631578947368421,0.875,0.9010989010989011,0.8797522652785811,0.015849668974460336,13,Machine
0.3894491195678711,0.0,0.01563262939453125,0.0,0.1,0.001,15,100,4124,121,0.1,"OrderedDict([('colsample_bytree', 0.1), ('learning_rate', 0.001), ('max_depth', 15), ('min_child_samples', 100), ('n_estimators', 4124), ('num_leaves', 121), ('subsample', 0.1)])",0.8681318681318682,0.8333333333333334,0.9028571428571428,0.8681074481074482,0.028382981637229125,26,Machine
0.17592414220174155,0.008876238687990312,0.008562405904134115,0.006467601094375167,1.0,0.001,1,40,2189,150,0.1,"OrderedDict([('colsample_bytree', 1.0), ('learning_rate', 0.001), ('max_depth', 1), ('min_child_samples', 40), ('n_estimators', 2189), ('num_leaves', 150), ('subsample', 0.1)])",0.8586387434554974,0.8691099476439791,0.9010989010989011,0.8762825307327925,0.01806102078879861,20,Machine
0.06204342842102051,0.0,0.015627384185791016,0.0,1.0,0.001,1,84,871,20,1.0,"OrderedDict([('colsample_bytree', 1.0), ('learning_rate', 0.001), ('max_depth', 1), ('min_child_samples', 84), ('n_estimators', 871), ('num_leaves', 20), ('subsample', 1.0)])",0.8631578947368421,0.8691099476439791,0.9010989010989011,0.8777889144932408,0.01666079910287194,18,Machine
0.17351396878560385,0.01147196072201632,0.008046150207519531,0.006389025558703482,1.0,0.001,1,95,2343,20,0.1,"OrderedDict([('colsample_bytree', 1.0), ('learning_rate', 0.001), ('max_depth', 1), ('min_child_samples', 95), ('n_estimators', 2343), ('num_leaves', 20), ('subsample', 0.1)])",0.8631578947368421,0.8691099476439791,0.9010989010989011,0.8777889144932408,0.01666079910287194,18,Machine
0.3232103188832601,0.013481366643616377,0.015658219655354817,4.173634338848408e-05,1.0,0.001,1,59,3392,150,1.0,"OrderedDict([('colsample_bytree', 1.0), ('learning_rate', 0.001), ('max_depth', 1), ('min_child_samples', 59), ('n_estimators', 3392), ('num_leaves', 150), ('subsample', 1.0)])",0.8631578947368421,0.8691099476439791,0.9120879120879121,0.8814519181562445,0.021798774072383394,6,Machine
0.4263811906178792,0.016137417443105866,0.013084093729654947,0.0035918671184242564,1.0,0.001,15,100,4089,20,1.0,"OrderedDict([('colsample_bytree', 1.0), ('learning_rate', 0.001), ('max_depth', 15), ('min_child_samples', 100), ('n_estimators', 4089), ('num_leaves', 20), ('subsample', 1.0)])",0.8677248677248677,0.850828729281768,0.9222222222222223,0.8802586064096193,0.030463953153663466,9,Machine
1.0761628150939941,0.0,0.024097919464111328,0.0045393841720173305,1.0,0.001,15,1,3356,20,0.1,"OrderedDict([('colsample_bytree', 1.0), ('learning_rate', 0.001), ('max_depth', 15), ('min_child_samples', 1), ('n_estimators', 3356), ('num_leaves', 20), ('subsample', 0.1)])",0.8421052631578947,0.8323699421965318,0.88268156424581,0.8523855898667455,0.02178804972514195,35,Machine
0.21669316291809082,0.012083038144338865,0.014888366063435873,0.004121948487353255,1.0,0.001,1,100,2513,124,1.0,"OrderedDict([('colsample_bytree', 1.0), ('learning_rate', 0.001), ('max_depth', 1), ('min_child_samples', 100), ('n_estimators', 2513), ('num_leaves', 124), ('subsample', 1.0)])",0.8631578947368421,0.875,0.9010989010989011,0.8797522652785811,0.015849668974460336,13,Machine
0.20957072575887045,0.007372439133121613,0.0030603408813476562,0.004327975579886686,1.0,0.001,2,100,1767,150,1.0,"OrderedDict([('colsample_bytree', 1.0), ('learning_rate', 0.001), ('max_depth', 2), ('min_child_samples', 100), ('n_estimators', 1767), ('num_leaves', 150), ('subsample', 1.0)])",0.8586387434554974,0.8691099476439791,0.9010989010989011,0.8762825307327925,0.01806102078879861,20,Machine
0.30782850583394367,0.014916387841783557,0.010409832000732422,0.007360862798730621,1.0,0.001,1,100,3577,150,1.0,"OrderedDict([('colsample_bytree', 1.0), ('learning_rate', 0.001), ('max_depth', 1), ('min_child_samples', 100), ('n_estimators', 3577), ('num_leaves', 150), ('subsample', 1.0)])",0.8631578947368421,0.8691099476439791,0.9130434782608695,0.8817704402138969,0.022246481593994234,3,Machine
