Dataset,Param_set,F1_score,colsample_bytree,learning_rate,max_depth,min_child_samples,n_estimators,num_leaves,subsample,Avg_F1
personality,1,0.87953216374269,0.749816047538945,0.2264824818951684,10,72,3822,40,0.6624074561769746,0.8966273221750353
Heart,1,0.8675496688741722,0.749816047538945,0.2264824818951684,10,72,3822,40,0.6624074561769746,0.8966273221750353
Loan,1,0.9773584905660376,0.749816047538945,0.2264824818951684,10,72,3822,40,0.6624074561769746,0.8966273221750353
Machine,1,0.8620689655172413,0.749816047538945,0.2264824818951684,10,72,3822,40,0.6624074561769746,0.8966273221750353
personality,2,0.9175377468060396,0.662397808134481,0.0013927723945289,12,24,180,72,0.9879639408647978,0.8553432196899702
Heart,2,0.875,0.662397808134481,0.0013927723945289,12,24,180,72,0.9879639408647978,0.8553432196899702
Loan,2,0.861995753715499,0.662397808134481,0.0013927723945289,12,24,180,72,0.9879639408647978,0.8553432196899702
Machine,2,0.7668393782383419,0.662397808134481,0.0013927723945289,12,24,180,72,0.9879639408647978,0.8553432196899702
personality,3,0.917728852838934,0.9329770563201688,0.0033572967053517,11,21,1234,77,0.8099025726528951,0.9217152254221243
Heart,3,0.8881578947368421,0.9329770563201688,0.0033572967053517,11,21,1234,77,0.8099025726528951,0.9217152254221243
Loan,3,0.9695817490494296,0.9329770563201688,0.0033572967053517,11,21,1234,77,0.8099025726528951,0.9217152254221243
Machine,3,0.9113924050632912,0.9329770563201688,0.0033572967053517,11,21,1234,77,0.8099025726528951,0.9217152254221243
personality,4,0.9187935034802784,0.7727780074568463,0.0052651396316777,10,42,2097,34,0.7824279936868144,0.9229985854298286
Heart,4,0.8910891089108911,0.7727780074568463,0.0052651396316777,10,42,2097,34,0.7824279936868144,0.9229985854298286
Loan,4,0.9753320683111956,0.7727780074568463,0.0052651396316777,10,42,2097,34,0.7824279936868144,0.9229985854298286
Machine,4,0.9067796610169492,0.7727780074568463,0.0052651396316777,10,42,2097,34,0.7824279936868144,0.9229985854298286
personality,5,0.9187935034802784,0.9140703845572056,0.0031233177533764,14,64,1578,70,0.8721230154351118,0.929149833281558
Heart,5,0.919614147909968,0.9140703845572056,0.0031233177533764,14,64,1578,70,0.8721230154351118,0.929149833281558
Loan,5,0.9752380952380952,0.9140703845572056,0.0031233177533764,14,64,1578,70,0.8721230154351118,0.929149833281558
Machine,5,0.9029535864978904,0.9140703845572056,0.0031233177533764,14,64,1578,70,0.8721230154351118,0.929149833281558
personality,6,0.9187935034802784,0.7801997007878172,0.0010785962778329,8,60,2111,28,0.6063865008880857,0.9200500034500322
Heart,6,0.9113924050632912,0.7801997007878172,0.0010785962778329,8,60,2111,28,0.6063865008880857,0.9200500034500322
Loan,6,0.948374760994264,0.7801997007878172,0.0010785962778329,8,60,2111,28,0.6063865008880857,0.9200500034500322
Machine,6,0.9016393442622952,0.7801997007878172,0.0010785962778329,8,60,2111,28,0.6063865008880857,0.9200500034500322
personality,7,0.917728852838934,0.6923575302488596,0.0039541150801424,11,71,2606,27,0.6137554084460873,0.9228907239127967
Heart,7,0.9019607843137256,0.6923575302488596,0.0039541150801424,11,71,2606,27,0.6137554084460873,0.9228907239127967
Loan,7,0.9773584905660376,0.6923575302488596,0.0039541150801424,11,71,2606,27,0.6137554084460873,0.9228907239127967
Machine,7,0.8945147679324894,0.6923575302488596,0.0039541150801424,11,71,2606,27,0.6137554084460873,0.9228907239127967
personality,8,0.897196261682243,0.9637281608315128,0.0043755171732073,11,2,1071,73,0.8186841117373118,0.9071566977207927
Heart,8,0.8758169934640523,0.9637281608315128,0.0043755171732073,11,2,1071,73,0.8186841117373118,0.9071566977207927
Loan,8,0.9639468690702088,0.9637281608315128,0.0043755171732073,11,2,1071,73,0.8186841117373118,0.9071566977207927
Machine,8,0.8916666666666667,0.9637281608315128,0.0043755171732073,11,2,1071,73,0.8186841117373118,0.9071566977207927
personality,9,0.892271662763466,0.6739417822102108,0.2522195170021428,9,44,211,33,0.8909087983425683,0.9116311334087313
Heart,9,0.8881578947368421,0.6739417822102108,0.2522195170021428,9,44,211,33,0.8909087983425683,0.9116311334087313
Loan,9,0.9809885931558936,0.6739417822102108,0.2522195170021428,9,44,211,33,0.8909087983425683,0.9116311334087313
Machine,9,0.8851063829787233,0.6739417822102108,0.2522195170021428,9,44,211,33,0.8909087983425683,0.9116311334087313
personality,10,0.917728852838934,0.7306163075223342,0.0258856392025792,11,62,387,130,0.9314950036607718,0.924817739020809
Heart,10,0.9013157894736842,0.7306163075223342,0.0258856392025792,11,62,387,130,0.9314950036607718,0.924817739020809
Loan,10,0.9772727272727272,0.7306163075223342,0.0258856392025792,11,62,387,130,0.9314950036607718,0.924817739020809
Machine,10,0.9029535864978904,0.7306163075223342,0.0258856392025792,11,62,387,130,0.9314950036607718,0.924817739020809
personality,11,0.9212962962962964,0.7427013306774357,0.0049648810171066,11,41,2112,64,0.6298202574719083,0.9254274611144363
Heart,11,0.9013157894736842,0.7427013306774357,0.0049648810171066,11,41,2112,64,0.6298202574719083,0.9254274611144363
Loan,11,0.9753320683111956,0.7427013306774357,0.0049648810171066,11,41,2112,64,0.6298202574719083,0.9254274611144363
Machine,11,0.9037656903765692,0.7427013306774357,0.0049648810171066,11,41,2112,64,0.6298202574719083,0.9254274611144363
personality,12,0.8888888888888888,0.9947547746402068,0.0818359129810136,11,8,1545,82,0.9261845713819336,0.9096251146325744
Heart,12,0.8970099667774086,0.9947547746402068,0.0818359129810136,11,8,1545,82,0.9261845713819336,0.9096251146325744
Loan,12,0.9674952198852772,0.9947547746402068,0.0818359129810136,11,8,1545,82,0.9261845713819336,0.9096251146325744
Machine,12,0.8851063829787233,0.9947547746402068,0.0818359129810136,11,8,1545,82,0.9261845713819336,0.9096251146325744
personality,13,0.8873239436619719,0.8827429375390468,0.0639497941418331,8,5,3611,60,0.9659838702175124,0.9083218783644508
Heart,13,0.8844884488448845,0.8827429375390468,0.0639497941418331,8,5,3611,60,0.9659838702175124,0.9083218783644508
Loan,13,0.9716446124763704,0.8827429375390468,0.0639497941418331,8,5,3611,60,0.9659838702175124,0.9083218783644508
Machine,13,0.8898305084745762,0.8827429375390468,0.0639497941418331,8,5,3611,60,0.9659838702175124,0.9083218783644508
personality,14,0.892018779342723,0.9400154311159196,0.0129820661533329,8,48,4648,81,0.7300733288106989,0.9034686429232246
Heart,14,0.875,0.9400154311159196,0.0129820661533329,8,48,4648,81,0.7300733288106989,0.9034686429232246
Loan,14,0.97131931166348,0.9400154311159196,0.0129820661533329,8,48,4648,81,0.7300733288106989,0.9034686429232246
Machine,14,0.8755364806866953,0.9400154311159196,0.0129820661533329,8,48,4648,81,0.7300733288106989,0.9034686429232246
personality,15,0.881316098707403,0.8918424713352255,0.0379583357926528,10,35,2740,20,0.8886918084659492,0.9063318361729836
Heart,15,0.8874172185430463,0.8918424713352255,0.0379583357926528,10,35,2740,20,0.8886918084659492,0.9063318361729836
Loan,15,0.9752380952380952,0.8918424713352255,0.0379583357926528,10,35,2740,20,0.8886918084659492,0.9063318361729836
Machine,15,0.8813559322033898,0.8918424713352255,0.0379583357926528,10,35,2740,20,0.8886918084659492,0.9063318361729836
personality,16,0.9187935034802784,0.6943939678995823,0.0043083629745715,10,9,256,34,0.6443563283247326,0.9131835909165603
Heart,16,0.8932038834951457,0.6943939678995823,0.0043083629745715,10,9,256,34,0.6443563283247326,0.9131835909165603
Loan,16,0.9593810444874274,0.6943939678995823,0.0043083629745715,10,9,256,34,0.6443563283247326,0.9131835909165603
Machine,16,0.8813559322033898,0.6943939678995823,0.0043083629745715,10,9,256,34,0.6443563283247326,0.9131835909165603
personality,17,0.9200463499420626,0.7757346007463081,0.0031599697383525,14,52,4241,48,0.6915192661966489,0.925967366008634
Heart,17,0.9055374592833876,0.7757346007463081,0.0031599697383525,14,52,4241,48,0.6915192661966489,0.925967366008634
Loan,17,0.9753320683111956,0.7757346007463081,0.0031599697383525,14,52,4241,48,0.6915192661966489,0.925967366008634
Machine,17,0.9029535864978904,0.7757346007463081,0.0031599697383525,14,52,4241,48,0.6915192661966489,0.925967366008634
personality,18,0.9084588644264194,0.6307919639315172,0.0052209493811222,13,28,2675,64,0.7182534743350856,0.9187433260375413
Heart,18,0.8910891089108911,0.6307919639315172,0.0052209493811222,13,28,2675,64,0.7182534743350856,0.9187433260375413
Loan,18,0.9754253308128544,0.6307919639315172,0.0052209493811222,13,28,2675,64,0.7182534743350856,0.9187433260375413
Machine,18,0.9,0.6307919639315172,0.0052209493811222,13,28,2675,64,0.7182534743350856,0.9187433260375413
personality,19,0.9118329466357308,0.6421977039321082,0.0135173477927403,11,44,1413,49,0.9533121035675474,0.9129988360334228
Heart,19,0.8844884488448845,0.6421977039321082,0.0135173477927403,11,44,1413,49,0.9533121035675474,0.9129988360334228
Loan,19,0.9753320683111956,0.6421977039321082,0.0135173477927403,11,44,1413,49,0.9533121035675474,0.9129988360334228
Machine,19,0.8803418803418803,0.6421977039321082,0.0135173477927403,11,44,1413,49,0.9533121035675474,0.9129988360334228
personality,20,0.9187935034802784,0.7297380084021096,0.0020064422651244,8,62,1356,140,0.9272059063689972,0.9218062709926307
Heart,20,0.907936507936508,0.7297380084021096,0.0020064422651244,8,62,1356,140,0.9272059063689972,0.9218062709926307
Loan,20,0.9543726235741444,0.7297380084021096,0.0020064422651244,8,62,1356,140,0.9272059063689972,0.9218062709926307
Machine,20,0.9061224489795918,0.7297380084021096,0.0020064422651244,8,62,1356,140,0.9272059063689972,0.9218062709926307
personality,21,0.9154113557358052,0.9442922333025374,0.0010404501336028,10,9,4463,70,0.7077649335194086,0.9205927549338367
Heart,21,0.8970099667774086,0.9442922333025374,0.0010404501336028,10,9,4463,70,0.7077649335194086,0.9205927549338367
Loan,21,0.9716446124763704,0.9442922333025374,0.0010404501336028,10,9,4463,70,0.7077649335194086,0.9205927549338367
Machine,21,0.8983050847457628,0.9442922333025374,0.0010404501336028,10,9,4463,70,0.7077649335194086,0.9205927549338367
personality,22,0.9187935034802784,0.6976502088991097,0.0026114235575346,8,52,1903,71,0.6987504251354405,0.9285283892319416
Heart,22,0.9161290322580644,0.6976502088991097,0.0026114235575346,8,52,1903,71,0.6987504251354405,0.9285283892319416
Loan,22,0.9754253308128544,0.6976502088991097,0.0026114235575346,8,52,1903,71,0.6987504251354405,0.9285283892319416
Machine,22,0.9037656903765692,0.6976502088991097,0.0026114235575346,8,52,1903,71,0.6987504251354405,0.9285283892319416
personality,23,0.8815943728018757,0.8785217091359153,0.0581273624872845,12,56,3202,132,0.9906459823330612,0.9003458660466084
Heart,23,0.8758169934640523,0.8785217091359153,0.0581273624872845,12,56,3202,132,0.9906459823330612,0.9003458660466084
Loan,23,0.9732824427480916,0.8785217091359153,0.0581273624872845,12,56,3202,132,0.9906459823330612,0.9003458660466084
Machine,23,0.8706896551724138,0.8785217091359153,0.0581273624872845,12,56,3202,132,0.9906459823330612,0.9003458660466084
personality,24,0.916279069767442,0.7644148053272926,0.0012074542179597,8,1,3524,145,0.6579579488364892,0.9156244545650274
Heart,24,0.8938906752411575,0.7644148053272926,0.0012074542179597,8,1,3524,145,0.6579579488364892,0.9156244545650274
Loan,24,0.9540229885057472,0.7644148053272926,0.0012074542179597,8,1,3524,145,0.6579579488364892,0.9156244545650274
Machine,24,0.8983050847457628,0.7644148053272926,0.0012074542179597,8,1,3524,145,0.6579579488364892,0.9156244545650274
personality,25,0.8771929824561403,0.7957811041110252,0.2764239633707395,14,68,3560,142,0.6968639753109703,0.8974373915701291
Heart,25,0.8675496688741722,0.7957811041110252,0.2764239633707395,14,68,3560,142,0.6968639753109703,0.8974373915701291
Loan,25,0.9792060491493384,0.7957811041110252,0.2764239633707395,14,68,3560,142,0.6968639753109703,0.8974373915701291
Machine,25,0.8658008658008658,0.7957811041110252,0.2764239633707395,14,68,3560,142,0.6968639753109703,0.8974373915701291
personality,26,0.9128919860627178,0.9212559025519584,0.0146214922262637,9,70,1980,116,0.6602870175861718,0.9179602087356908
Heart,26,0.8976897689768977,0.9212559025519584,0.0146214922262637,9,70,1980,116,0.6602870175861718,0.9179602087356908
Loan,26,0.9714285714285714,0.9212559025519584,0.0146214922262637,9,70,1980,116,0.6602870175861718,0.9179602087356908
Machine,26,0.8898305084745762,0.9212559025519584,0.0146214922262637,9,70,1980,116,0.6602870175861718,0.9179602087356908
personality,27,0.8815943728018757,0.8032795106962874,0.0529191296725815,10,20,2861,109,0.8048372233197124,0.9134981916218495
Heart,27,0.8976897689768977,0.8032795106962874,0.0529191296725815,10,20,2861,109,0.8048372233197124,0.9134981916218495
Loan,27,0.9772727272727272,0.8032795106962874,0.0529191296725815,10,20,2861,109,0.8048372233197124,0.9134981916218495
Machine,27,0.8974358974358975,0.8032795106962874,0.0529191296725815,10,20,2861,109,0.8048372233197124,0.9134981916218495
personality,28,0.8815943728018757,0.6905983100791752,0.0396434308160694,11,33,2009,147,0.8071005402109921,0.9061947006249143
Heart,28,0.8874172185430463,0.6905983100791752,0.0396434308160694,11,33,2009,147,0.8071005402109921,0.9061947006249143
Loan,28,0.9754253308128544,0.6905983100791752,0.0396434308160694,11,33,2009,147,0.8071005402109921,0.9061947006249143
Machine,28,0.8803418803418803,0.6905983100791752,0.0396434308160694,11,33,2009,147,0.8071005402109921,0.9061947006249143
personality,29,0.8943661971830986,0.9350840423629312,0.0471809140688675,8,89,4111,61,0.7031766510860622,0.9014887882464047
Heart,29,0.8778877887788779,0.9350840423629312,0.0471809140688675,8,89,4111,61,0.7031766510860622,0.9014887882464047
Loan,29,0.9753320683111956,0.9350840423629312,0.0471809140688675,8,89,4111,61,0.7031766510860622,0.9014887882464047
Machine,29,0.8583690987124464,0.9350840423629312,0.0471809140688675,8,89,4111,61,0.7031766510860622,0.9014887882464047
personality,30,0.88,0.8639936184136716,0.1057690203699588,8,60,2099,148,0.6372411071223597,0.902146057227979
Heart,30,0.8786885245901639,0.8639936184136716,0.1057690203699588,8,60,2099,148,0.6372411071223597,0.902146057227979
Loan,30,0.9792060491493384,0.8639936184136716,0.1057690203699588,8,60,2099,148,0.6372411071223597,0.902146057227979
Machine,30,0.8706896551724138,0.8639936184136716,0.1057690203699588,8,60,2099,148,0.6372411071223597,0.902146057227979
personality,31,0.8833922261484098,0.9588863031813308,0.1699983505425299,10,9,3220,67,0.9386644568953224,0.9103745388302373
Heart,31,0.8910891089108911,0.9588863031813308,0.1699983505425299,10,9,3220,67,0.9386644568953224,0.9103745388302373
Loan,31,0.9771863117870724,0.9588863031813308,0.1699983505425299,10,9,3220,67,0.9386644568953224,0.9103745388302373
Machine,31,0.8898305084745762,0.9588863031813308,0.1699983505425299,10,9,3220,67,0.9386644568953224,0.9103745388302373
personality,32,0.8894117647058823,0.942529716751237,0.0100465206073324,8,24,4773,94,0.9742539976883792,0.9076762659336635
Heart,32,0.8896321070234113,0.942529716751237,0.0100465206073324,8,24,4773,94,0.9742539976883792,0.9076762659336635
Loan,32,0.97131931166348,0.942529716751237,0.0100465206073324,8,24,4773,94,0.9742539976883792,0.9076762659336635
Machine,32,0.8803418803418803,0.942529716751237,0.0100465206073324,8,24,4773,94,0.9742539976883792,0.9076762659336635
personality,33,0.8989547038327527,0.9141362604455774,0.0454114139931448,13,99,3233,118,0.989465534702127,0.9025390843403349
Heart,33,0.875,0.9141362604455774,0.0454114139931448,13,99,3233,118,0.989465534702127,0.9025390843403349
Loan,33,0.9753320683111956,0.9141362604455774,0.0454114139931448,13,99,3233,118,0.989465534702127,0.9025390843403349
Machine,33,0.8608695652173913,0.9141362604455774,0.0454114139931448,13,99,3233,118,0.989465534702127,0.9025390843403349
personality,34,0.9166666666666666,0.7135683898949863,0.0057072028501947,9,54,3284,87,0.69489963499872,0.9196770264747184
Heart,34,0.8844884488448845,0.7135683898949863,0.0057072028501947,9,54,3284,87,0.69489963499872,0.9196770264747184
Loan,34,0.9754253308128544,0.7135683898949863,0.0057072028501947,9,54,3284,87,0.69489963499872,0.9196770264747184
Machine,34,0.902127659574468,0.7135683898949863,0.0057072028501947,9,54,3284,87,0.69489963499872,0.9196770264747184
personality,35,0.8766157461809636,0.7301598792637071,0.0706561104198059,14,67,4546,147,0.8273234413341887,0.8981257123518759
Heart,35,0.8721311475409836,0.7301598792637071,0.0706561104198059,14,67,4546,147,0.8273234413341887,0.8981257123518759
Loan,35,0.9791271347248576,0.7301598792637071,0.0706561104198059,14,67,4546,147,0.8273234413341887,0.8981257123518759
Machine,35,0.8646288209606987,0.7301598792637071,0.0706561104198059,14,67,4546,147,0.8273234413341887,0.8981257123518759
personality,36,0.9046511627906976,0.637469907131237,0.0081447288663451,14,22,1743,57,0.9915571433100036,0.9162441216318827
Heart,36,0.8970099667774086,0.637469907131237,0.0081447288663451,14,22,1743,57,0.9915571433100036,0.9162441216318827
Loan,36,0.9734848484848484,0.637469907131237,0.0081447288663451,14,22,1743,57,0.9915571433100036,0.9162441216318827
Machine,36,0.8898305084745762,0.637469907131237,0.0081447288663451,14,22,1743,57,0.9915571433100036,0.9162441216318827
personality,37,0.8779342723004695,0.794696861183782,0.1755967873387636,10,98,4943,116,0.8307615538505436,0.894356611120678
Heart,37,0.8533333333333334,0.794696861183782,0.1755967873387636,10,98,4943,116,0.8307615538505436,0.894356611120678
Loan,37,0.9792060491493384,0.794696861183782,0.1755967873387636,10,98,4943,116,0.8307615538505436,0.894356611120678
Machine,37,0.8669527896995708,0.794696861183782,0.1755967873387636,10,98,4943,116,0.8307615538505436,0.894356611120678
personality,38,0.9191685912240184,0.7970070775275455,0.0030453734341095,12,48,4804,23,0.6097263865725815,0.9188550692301704
Heart,38,0.8910891089108911,0.7970070775275455,0.0030453734341095,12,48,4804,23,0.6097263865725815,0.9188550692301704
Loan,38,0.9753320683111956,0.7970070775275455,0.0030453734341095,12,48,4804,23,0.6097263865725815,0.9188550692301704
Machine,38,0.8898305084745762,0.7970070775275455,0.0030453734341095,12,48,4804,23,0.6097263865725815,0.9188550692301704
personality,39,0.9191685912240184,0.858188918362867,0.0027461523576079,11,30,2574,65,0.9659457560881796,0.9225386331926121
Heart,39,0.9019607843137256,0.858188918362867,0.0027461523576079,11,30,2574,65,0.9659457560881796,0.9225386331926121
Loan,39,0.9773584905660376,0.858188918362867,0.0027461523576079,11,30,2574,65,0.9659457560881796,0.9225386331926121
Machine,39,0.8916666666666667,0.858188918362867,0.0027461523576079,11,30,2574,65,0.9659457560881796,0.9225386331926121
personality,40,0.9187935034802784,0.7480634801021777,0.0010921641411931,12,46,4326,114,0.9854479908357012,0.9260826173072426
Heart,40,0.9120521172638436,0.7480634801021777,0.0010921641411931,12,46,4326,114,0.9854479908357012,0.9260826173072426
Loan,40,0.9734848484848484,0.7480634801021777,0.0010921641411931,12,46,4326,114,0.9854479908357012,0.9260826173072426
Machine,40,0.9,0.7480634801021777,0.0010921641411931,12,46,4326,114,0.9854479908357012,0.9260826173072426
personality,41,0.9179190751445088,0.941203782186944,0.0053627260127644,12,32,1234,86,0.6677970986744369,0.9234007432195267
Heart,41,0.8947368421052632,0.941203782186944,0.0053627260127644,12,32,1234,86,0.6677970986744369,0.9234007432195267
Loan,41,0.973384030418251,0.941203782186944,0.0053627260127644,12,32,1234,86,0.6677970986744369,0.9234007432195267
Machine,41,0.907563025210084,0.941203782186944,0.0053627260127644,12,32,1234,86,0.6677970986744369,0.9234007432195267
personality,42,0.876905041031653,0.82272050498334,0.2084341563379046,9,67,1945,43,0.6835674870461441,0.8997885749360682
Heart,42,0.8704318936877077,0.82272050498334,0.2084341563379046,9,67,1945,43,0.6835674870461441,0.8997885749360682
Loan,42,0.9773584905660376,0.82272050498334,0.2084341563379046,9,67,1945,43,0.6835674870461441,0.8997885749360682
Machine,42,0.8744588744588745,0.82272050498334,0.2084341563379046,9,67,1945,43,0.6835674870461441,0.8997885749360682
personality,43,0.8930669800235017,0.8684574067296202,0.0077341317309703,14,27,2587,149,0.7290203056954402,0.9111171975204649
Heart,43,0.8963210702341137,0.8684574067296202,0.0077341317309703,14,27,2587,149,0.7290203056954402,0.9111171975204649
Loan,43,0.9774436090225564,0.8684574067296202,0.0077341317309703,14,27,2587,149,0.7290203056954402,0.9111171975204649
Machine,43,0.8776371308016878,0.8684574067296202,0.0077341317309703,14,27,2587,149,0.7290203056954402,0.9111171975204649
personality,44,0.917728852838934,0.9394679179698696,0.0021798549893532,13,48,2856,45,0.9240453578716724,0.9286056909148073
Heart,44,0.8996763754045307,0.9394679179698696,0.0021798549893532,13,48,2856,45,0.9240453578716724,0.9286056909148073
Loan,44,0.9771863117870724,0.9394679179698696,0.0021798549893532,13,48,2856,45,0.9240453578716724,0.9286056909148073
Machine,44,0.919831223628692,0.9394679179698696,0.0021798549893532,13,48,2856,45,0.9240453578716724,0.9286056909148073
personality,45,0.8886283704572099,0.9468289274320416,0.1828974217537133,9,7,4181,39,0.8599855723111061,0.9102670786914012
Heart,45,0.8910891089108911,0.9468289274320416,0.1828974217537133,9,7,4181,39,0.8599855723111061,0.9102670786914012
Loan,45,0.973384030418251,0.9468289274320416,0.1828974217537133,9,7,4181,39,0.8599855723111061,0.9102670786914012
Machine,45,0.8879668049792531,0.9468289274320416,0.1828974217537133,9,7,4181,39,0.8599855723111061,0.9102670786914012
personality,46,0.897196261682243,0.8807867509030813,0.0935998032442048,11,87,1216,111,0.8315459582030235,0.9050403412510211
Heart,46,0.8778877887788779,0.8807867509030813,0.0935998032442048,11,87,1216,111,0.8315459582030235,0.9050403412510211
Loan,46,0.9732824427480916,0.8807867509030813,0.0935998032442048,11,87,1216,111,0.8315459582030235,0.9050403412510211
Machine,46,0.8717948717948718,0.8807867509030813,0.0935998032442048,11,87,1216,111,0.8315459582030235,0.9050403412510211
personality,47,0.8818713450292398,0.7753896492072347,0.0462051328704167,10,25,3819,82,0.9927363553242124,0.9079169184559341
Heart,47,0.8874172185430463,0.7753896492072347,0.0462051328704167,10,25,3819,82,0.9927363553242124,0.9079169184559341
Loan,47,0.9772727272727272,0.7753896492072347,0.0462051328704167,10,25,3819,82,0.9927363553242124,0.9079169184559341
Machine,47,0.8851063829787233,0.7753896492072347,0.0462051328704167,10,25,3819,82,0.9927363553242124,0.9079169184559341
personality,48,0.882903981264637,0.9355734008277452,0.1353089636327238,8,52,4827,89,0.7213062058692892,0.8964601599497546
Heart,48,0.8666666666666667,0.9355734008277452,0.1353089636327238,8,52,4827,89,0.7213062058692892,0.8964601599497546
Loan,48,0.9791271347248576,0.9355734008277452,0.1353089636327238,8,52,4827,89,0.7213062058692892,0.8964601599497546
Machine,48,0.8571428571428571,0.9355734008277452,0.1353089636327238,8,52,4827,89,0.7213062058692892,0.8964601599497546
personality,49,0.9105691056910568,0.8148329708786621,0.0064439881621651,12,60,3101,127,0.8491561903276001,0.9176651526551043
Heart,49,0.8940397350993378,0.8148329708786621,0.0064439881621651,12,60,3101,127,0.8491561903276001,0.9176651526551043
Loan,49,0.9715370018975332,0.8148329708786621,0.0064439881621651,12,60,3101,127,0.8491561903276001,0.9176651526551043
Machine,49,0.8945147679324894,0.8148329708786621,0.0064439881621651,12,60,3101,127,0.8491561903276001,0.9176651526551043
personality,50,0.9187935034802784,0.6341389859975072,0.0013428326429756,11,94,4192,118,0.8549719605992826,0.9216126757929124
Heart,50,0.9090909090909092,0.6341389859975072,0.0013428326429756,11,94,4192,118,0.8549719605992826,0.9216126757929124
Loan,50,0.9715370018975332,0.6341389859975072,0.0013428326429756,11,94,4192,118,0.8549719605992826,0.9216126757929124
Machine,50,0.8870292887029289,0.6341389859975072,0.0013428326429756,11,94,4192,118,0.8549719605992826,0.9216126757929124
personality,51,0.8839390386869871,0.8904365334890646,0.2613990034157314,11,30,1732,139,0.7083329005048297,0.902690168819123
Heart,51,0.8874172185430463,0.8904365334890646,0.2613990034157314,11,30,1732,139,0.7083329005048297,0.902690168819123
Loan,51,0.97131931166348,0.8904365334890646,0.2613990034157314,11,30,1732,139,0.7083329005048297,0.902690168819123
Machine,51,0.8680851063829788,0.8904365334890646,0.2613990034157314,11,30,1732,139,0.7083329005048297,0.902690168819123
personality,52,0.903529411764706,0.7755885682822544,0.0015643933810778,12,90,166,81,0.9343920482048824,0.8240974023931946
Heart,52,0.8488372093023255,0.7755885682822544,0.0015643933810778,12,90,166,81,0.9343920482048824,0.8240974023931946
Loan,52,0.7540229885057471,0.7755885682822544,0.0015643933810778,12,90,166,81,0.9343920482048824,0.8240974023931946
Machine,52,0.79,0.7755885682822544,0.0015643933810778,12,90,166,81,0.9343920482048824,0.8240974023931946
personality,53,0.8928150765606596,0.8783896824374792,0.0103044788168523,9,1,2899,115,0.8196906658824482,0.9127111445145024
Heart,53,0.8990228013029316,0.8783896824374792,0.0103044788168523,9,1,2899,115,0.8196906658824482,0.9127111445145024
Loan,53,0.959847036328872,0.8783896824374792,0.0103044788168523,9,1,2899,115,0.8196906658824482,0.9127111445145024
Machine,53,0.8991596638655462,0.8783896824374792,0.0103044788168523,9,1,2899,115,0.8196906658824482,0.9127111445145024
personality,54,0.8836662749706228,0.8858383690800249,0.0431905718464681,12,1,3393,88,0.8446882984937409,0.9051409359038635
Heart,54,0.8844884488448845,0.8858383690800249,0.0431905718464681,12,1,3393,88,0.8446882984937409,0.9051409359038635
Loan,54,0.959847036328872,0.8858383690800249,0.0431905718464681,12,1,3393,88,0.8446882984937409,0.9051409359038635
Machine,54,0.8925619834710744,0.8858383690800249,0.0431905718464681,12,1,3393,88,0.8446882984937409,0.9051409359038635
personality,55,0.917728852838934,0.7678400249711159,0.0041082768239474,10,86,2794,48,0.6464290562027665,0.9235732939604367
Heart,55,0.9019607843137256,0.7678400249711159,0.0041082768239474,10,86,2794,48,0.6464290562027665,0.9235732939604367
Loan,55,0.9792060491493384,0.7678400249711159,0.0041082768239474,10,86,2794,48,0.6464290562027665,0.9235732939604367
Machine,55,0.895397489539749,0.7678400249711159,0.0041082768239474,10,86,2794,48,0.6464290562027665,0.9235732939604367
personality,56,0.9187935034802784,0.618401056808701,0.0012615085022632,13,62,3109,104,0.7893887083122263,0.9144740168957106
Heart,56,0.9166666666666666,0.618401056808701,0.0012615085022632,13,62,3109,104,0.7893887083122263,0.9144740168957106
Loan,56,0.9307692307692308,0.618401056808701,0.0012615085022632,13,62,3109,104,0.7893887083122263,0.9144740168957106
Machine,56,0.8916666666666667,0.618401056808701,0.0012615085022632,13,62,3109,104,0.7893887083122263,0.9144740168957106
personality,57,0.8860164512338425,0.669280747964006,0.0118769011449589,14,10,2899,115,0.9425959364753288,0.9117301897758918
Heart,57,0.8976897689768977,0.669280747964006,0.0118769011449589,14,10,2899,115,0.9425959364753288,0.9117301897758918
Loan,57,0.973384030418251,0.669280747964006,0.0118769011449589,14,10,2899,115,0.9425959364753288,0.9117301897758918
Machine,57,0.8898305084745762,0.669280747964006,0.0118769011449589,14,10,2899,115,0.9425959364753288,0.9117301897758918
personality,58,0.8904593639575972,0.8634774526475779,0.0025328433607942,14,2,4642,147,0.8545614389784044,0.9015784458622992
Heart,58,0.8701298701298701,0.8634774526475779,0.0025328433607942,14,2,4642,147,0.8545614389784044,0.9015784458622992
Loan,58,0.9465648854961832,0.8634774526475779,0.0025328433607942,14,2,4642,147,0.8545614389784044,0.9015784458622992
Machine,58,0.8991596638655462,0.8634774526475779,0.0025328433607942,14,2,4642,147,0.8545614389784044,0.9015784458622992
personality,59,0.8818713450292398,0.92037971787296,0.0475804005682486,10,33,4050,120,0.850375868040629,0.9069494737204357
Heart,59,0.8837209302325582,0.92037971787296,0.0475804005682486,10,33,4050,120,0.850375868040629,0.9069494737204357
Loan,59,0.9770992366412212,0.92037971787296,0.0475804005682486,10,33,4050,120,0.850375868040629,0.9069494737204357
Machine,59,0.8851063829787233,0.92037971787296,0.0475804005682486,10,33,4050,120,0.850375868040629,0.9069494737204357
personality,60,0.87953216374269,0.9281707375085072,0.0410966834758434,10,44,4430,31,0.6403112005509707,0.9030401764120979
Heart,60,0.8807947019867549,0.9281707375085072,0.0410966834758434,10,44,4430,31,0.6403112005509707,0.9030401764120979
Loan,60,0.9752380952380952,0.9281707375085072,0.0410966834758434,10,44,4430,31,0.6403112005509707,0.9030401764120979
Machine,60,0.8765957446808511,0.9281707375085072,0.0410966834758434,10,44,4430,31,0.6403112005509707,0.9030401764120979
personality,61,0.9187935034802784,0.6072887302606199,0.0017137468338839,10,87,2946,109,0.7275902521175045,0.920769914703205
Heart,61,0.912621359223301,0.6072887302606199,0.0017137468338839,10,87,2946,109,0.7275902521175045,0.920769914703205
Loan,61,0.9545454545454546,0.6072887302606199,0.0017137468338839,10,87,2946,109,0.7275902521175045,0.920769914703205
Machine,61,0.897119341563786,0.6072887302606199,0.0017137468338839,10,87,2946,109,0.7275902521175045,0.920769914703205
personality,62,0.9154113557358052,0.9379501243877818,0.0011419508356372,9,7,3317,77,0.8786948661456602,0.9180699830818262
Heart,62,0.8910891089108911,0.9379501243877818,0.0011419508356372,9,7,3317,77,0.8786948661456602,0.9180699830818262
Loan,62,0.9657794676806084,0.9379501243877818,0.0011419508356372,9,7,3317,77,0.8786948661456602,0.9180699830818262
Machine,62,0.9,0.9379501243877818,0.0011419508356372,9,7,3317,77,0.8786948661456602,0.9180699830818262
personality,63,0.8792497069167644,0.8515771387119535,0.1491435839728977,11,89,3398,120,0.9002459006563434,0.8951752583420227
Heart,63,0.8571428571428571,0.8515771387119535,0.1491435839728977,11,89,3398,120,0.9002459006563434,0.8951752583420227
Loan,63,0.981060606060606,0.8515771387119535,0.1491435839728977,11,89,3398,120,0.9002459006563434,0.8951752583420227
Machine,63,0.8632478632478633,0.8515771387119535,0.1491435839728977,11,89,3398,120,0.9002459006563434,0.8951752583420227
personality,64,0.8789659224441834,0.9227338957069056,0.2841851237520152,11,82,2193,56,0.695438743916136,0.8936032333210286
Heart,64,0.8666666666666667,0.9227338957069056,0.2841851237520152,11,82,2193,56,0.695438743916136,0.8936032333210286
Loan,64,0.9753320683111956,0.9227338957069056,0.2841851237520152,11,82,2193,56,0.695438743916136,0.8936032333210286
Machine,64,0.853448275862069,0.9227338957069056,0.2841851237520152,11,82,2193,56,0.695438743916136,0.8936032333210286
personality,65,0.8802816901408451,0.8719379119600983,0.0680524424663171,10,30,4002,81,0.7986244762732311,0.9082597944993295
Heart,65,0.8837209302325582,0.8719379119600983,0.0680524424663171,10,30,4002,81,0.7986244762732311,0.9082597944993295
Loan,65,0.9792060491493384,0.8719379119600983,0.0680524424663171,10,30,4002,81,0.7986244762732311,0.9082597944993295
Machine,65,0.8898305084745762,0.8719379119600983,0.0680524424663171,10,30,4002,81,0.7986244762732311,0.9082597944993295
personality,66,0.9187935034802784,0.7558472344876814,0.0054610784698771,10,49,445,95,0.7419620761850882,0.9217369390949675
Heart,66,0.907936507936508,0.7558472344876814,0.0054610784698771,10,49,445,95,0.7419620761850882,0.9217369390949675
Loan,66,0.950381679389313,0.7558472344876814,0.0054610784698771,10,49,445,95,0.7419620761850882,0.9217369390949675
Machine,66,0.9098360655737704,0.7558472344876814,0.0054610784698771,10,49,445,95,0.7419620761850882,0.9217369390949675
personality,67,0.8888888888888888,0.9827203540505826,0.0474723919628083,11,83,3627,130,0.6333137644781038,0.8985333364749495
Heart,67,0.8704318936877077,0.9827203540505826,0.0474723919628083,11,83,3627,130,0.6333137644781038,0.8985333364749495
Loan,67,0.9752380952380952,0.9827203540505826,0.0474723919628083,11,83,3627,130,0.6333137644781038,0.8985333364749495
Machine,67,0.8595744680851064,0.9827203540505826,0.0474723919628083,11,83,3627,130,0.6333137644781038,0.8985333364749495
personality,68,0.9004629629629629,0.6366816589033925,0.0310684239137305,11,85,3686,76,0.6453858408069791,0.9042662302592634
Heart,68,0.8704318936877077,0.6366816589033925,0.0310684239137305,11,85,3686,76,0.6453858408069791,0.9042662302592634
Loan,68,0.98292220113852,0.6366816589033925,0.0310684239137305,11,85,3686,76,0.6453858408069791,0.9042662302592634
Machine,68,0.8632478632478633,0.6366816589033925,0.0310684239137305,11,85,3686,76,0.6453858408069791,0.9042662302592634
personality,69,0.876905041031653,0.972371642274917,0.259018595858543,13,95,4779,94,0.6468268065710423,0.8902182405035319
Heart,69,0.8533333333333334,0.972371642274917,0.259018595858543,13,95,4779,94,0.6468268065710423,0.8902182405035319
Loan,69,0.9771863117870724,0.972371642274917,0.259018595858543,13,95,4779,94,0.6468268065710423,0.8902182405035319
Machine,69,0.853448275862069,0.972371642274917,0.259018595858543,13,95,4779,94,0.6468268065710423,0.8902182405035319
personality,70,0.8826291079812206,0.6571966728211344,0.0769757929731257,11,17,3374,26,0.7704365900187764,0.9067068973851278
Heart,70,0.8874172185430463,0.6571966728211344,0.0769757929731257,11,17,3374,26,0.7704365900187764,0.9067068973851278
Loan,70,0.9754253308128544,0.6571966728211344,0.0769757929731257,11,17,3374,26,0.7704365900187764,0.9067068973851278
Machine,70,0.8813559322033898,0.6571966728211344,0.0769757929731257,11,17,3374,26,0.7704365900187764,0.9067068973851278
personality,71,0.9187935034802784,0.6890305670284123,0.0096062550669735,10,66,1590,48,0.6339350856340767,0.9220345806869246
Heart,71,0.9013157894736842,0.6890305670284123,0.0096062550669735,10,66,1590,48,0.6339350856340767,0.9220345806869246
Loan,71,0.9772727272727272,0.6890305670284123,0.0096062550669735,10,66,1590,48,0.6339350856340767,0.9220345806869246
Machine,71,0.8907563025210085,0.6890305670284123,0.0096062550669735,10,66,1590,48,0.6339350856340767,0.9220345806869246
personality,72,0.9187935034802784,0.9946558314004702,0.0084550103426598,8,86,549,90,0.9944004255291484,0.9249177287043976
Heart,72,0.9131832797427653,0.9946558314004702,0.0084550103426598,8,86,549,90,0.9944004255291484,0.9249177287043976
Loan,72,0.9714285714285714,0.9946558314004702,0.0084550103426598,8,86,549,90,0.9944004255291484,0.9249177287043976
Machine,72,0.8962655601659751,0.9946558314004702,0.0084550103426598,8,86,549,90,0.9944004255291484,0.9249177287043976
personality,73,0.892271662763466,0.9013512741035766,0.0085514668520133,14,19,2973,110,0.6994896617721151,0.909532496973559
Heart,73,0.8940397350993378,0.9013512741035766,0.0085514668520133,14,19,2973,110,0.6994896617721151,0.909532496973559
Loan,73,0.9694656488549618,0.9013512741035766,0.0085514668520133,14,19,2973,110,0.6994896617721151,0.909532496973559
Machine,73,0.8823529411764706,0.9013512741035766,0.0085514668520133,14,19,2973,110,0.6994896617721151,0.909532496973559
personality,74,0.8873239436619719,0.7321010116076394,0.0119176300036804,12,13,4899,145,0.6225213102727349,0.9131111930501304
Heart,74,0.8933333333333333,0.7321010116076394,0.0119176300036804,12,13,4899,145,0.6225213102727349,0.9131111930501304
Loan,74,0.9772727272727272,0.7321010116076394,0.0119176300036804,12,13,4899,145,0.6225213102727349,0.9131111930501304
Machine,74,0.8945147679324894,0.7321010116076394,0.0119176300036804,12,13,4899,145,0.6225213102727349,0.9131111930501304
personality,75,0.917728852838934,0.6475271665072287,0.0019549099806607,8,39,3122,111,0.9848690193898167,0.9259569471839116
Heart,75,0.9019607843137256,0.6475271665072287,0.0019549099806607,8,39,3122,111,0.9848690193898167,0.9259569471839116
Loan,75,0.9773584905660376,0.6475271665072287,0.0019549099806607,8,39,3122,111,0.9848690193898167,0.9259569471839116
Machine,75,0.9067796610169492,0.6475271665072287,0.0019549099806607,8,39,3122,111,0.9848690193898167,0.9259569471839116
personality,76,0.9187935034802784,0.7499482318094817,0.0051020355652084,8,38,183,77,0.6048617898759265,0.9124206389956057
Heart,76,0.8840125391849529,0.7499482318094817,0.0051020355652084,8,38,183,77,0.6048617898759265,0.9124206389956057
Loan,76,0.9485714285714286,0.7499482318094817,0.0051020355652084,8,38,183,77,0.6048617898759265,0.9124206389956057
Machine,76,0.8983050847457628,0.7499482318094817,0.0051020355652084,8,38,183,77,0.6048617898759265,0.9124206389956057
personality,77,0.9187935034802784,0.9879515306830556,0.0012791230799921,12,80,2983,39,0.6301738188359077,0.9247755825243892
Heart,77,0.9201277955271564,0.9879515306830556,0.0012791230799921,12,80,2983,39,0.6301738188359077,0.9247755825243892
Loan,77,0.9676190476190476,0.9879515306830556,0.0012791230799921,12,80,2983,39,0.6301738188359077,0.9247755825243892
Machine,77,0.8925619834710744,0.9879515306830556,0.0012791230799921,12,80,2983,39,0.6301738188359077,0.9247755825243892
personality,78,0.9095127610208816,0.6664861727637011,0.0034439944755818,14,31,3634,136,0.8787700223455259,0.9164425823376476
Heart,78,0.8881578947368421,0.6664861727637011,0.0034439944755818,14,31,3634,136,0.8787700223455259,0.9164425823376476
Loan,78,0.9735849056603774,0.6664861727637011,0.0034439944755818,14,31,3634,136,0.8787700223455259,0.9164425823376476
Machine,78,0.8945147679324894,0.6664861727637011,0.0034439944755818,14,31,3634,136,0.8787700223455259,0.9164425823376476
personality,79,0.8849765258215962,0.753680732551688,0.0669711606083384,10,12,1403,35,0.9561055135563664,0.9056649080639865
Heart,79,0.882943143812709,0.753680732551688,0.0669711606083384,10,12,1403,35,0.9561055135563664,0.9056649080639865
Loan,79,0.973384030418251,0.753680732551688,0.0669711606083384,10,12,1403,35,0.9561055135563664,0.9056649080639865
Machine,79,0.8813559322033898,0.753680732551688,0.0669711606083384,10,12,1403,35,0.9561055135563664,0.9056649080639865
personality,80,0.8987194412107101,0.7822627011142852,0.0343671595208016,9,92,4235,79,0.8334624447403488,0.9090893307871228
Heart,80,0.8807947019867549,0.7822627011142852,0.0343671595208016,9,92,4235,79,0.8334624447403488,0.9090893307871228
Loan,80,0.9792060491493384,0.7822627011142852,0.0343671595208016,9,92,4235,79,0.8334624447403488,0.9090893307871228
Machine,80,0.8776371308016878,0.7822627011142852,0.0343671595208016,9,92,4235,79,0.8334624447403488,0.9090893307871228
personality,81,0.8789659224441834,0.6310938547859939,0.259235269898982,10,63,2558,65,0.6304801518396652,0.8959533501368688
Heart,81,0.8704318936877077,0.6310938547859939,0.259235269898982,10,63,2558,65,0.6304801518396652,0.8959533501368688
Loan,81,0.9772727272727272,0.6310938547859939,0.259235269898982,10,63,2558,65,0.6304801518396652,0.8959533501368688
Machine,81,0.8571428571428571,0.6310938547859939,0.259235269898982,10,63,2558,65,0.6304801518396652,0.8959533501368688
personality,82,0.9052631578947368,0.9762127308541534,0.0107662749202883,12,47,1994,29,0.9730913933416052,0.9139665751037379
Heart,82,0.8741721854304636,0.9762127308541534,0.0107662749202883,12,47,1994,29,0.9730913933416052,0.9139665751037379
Loan,82,0.9751434034416826,0.9762127308541534,0.0107662749202883,12,47,1994,29,0.9730913933416052,0.9139665751037379
Machine,82,0.9012875536480688,0.9762127308541534,0.0107662749202883,12,47,1994,29,0.9730913933416052,0.9139665751037379
personality,83,0.9166666666666666,0.9464255558001632,0.0012942319858208,14,33,4519,84,0.7921480327465419,0.9244318695220024
Heart,83,0.9019607843137256,0.9464255558001632,0.0012942319858208,14,33,4519,84,0.7921480327465419,0.9244318695220024
Loan,83,0.9715370018975332,0.9464255558001632,0.0012942319858208,14,33,4519,84,0.7921480327465419,0.9244318695220024
Machine,83,0.907563025210084,0.9464255558001632,0.0012942319858208,14,33,4519,84,0.7921480327465419,0.9244318695220024
personality,84,0.9067599067599068,0.9941144202662018,0.0085748811616139,9,63,3975,78,0.9368475692542836,0.907230539469433
Heart,84,0.8807947019867549,0.9941144202662018,0.0085748811616139,9,63,3975,78,0.9368475692542836,0.907230539469433
Loan,84,0.9732824427480916,0.9941144202662018,0.0085748811616139,9,63,3975,78,0.9368475692542836,0.907230539469433
Machine,84,0.8680851063829788,0.9941144202662018,0.0085748811616139,9,63,3975,78,0.9368475692542836,0.907230539469433
personality,85,0.8930232558139535,0.9353314818844553,0.0144880450613529,10,1,454,74,0.9458889505020212,0.9082822979548002
Heart,85,0.8802588996763754,0.9353314818844553,0.0144880450613529,10,1,454,74,0.9458889505020212,0.9082822979548002
Loan,85,0.959847036328872,0.9353314818844553,0.0144880450613529,10,1,454,74,0.9458889505020212,0.9082822979548002
Machine,85,0.9,0.9353314818844553,0.0144880450613529,10,1,454,74,0.9458889505020212,0.9082822979548002
personality,86,0.8899297423887588,0.925160403652031,0.2995172897169678,13,3,1510,42,0.9075949660722042,0.912974775332382
Heart,86,0.8866666666666667,0.925160403652031,0.2995172897169678,13,3,1510,42,0.9075949660722042,0.912974775332382
Loan,86,0.9715370018975332,0.925160403652031,0.2995172897169678,13,3,1510,42,0.9075949660722042,0.912974775332382
Machine,86,0.9037656903765692,0.925160403652031,0.2995172897169678,13,3,1510,42,0.9075949660722042,0.912974775332382
personality,87,0.8909730363423212,0.9779062919529712,0.1272563933472662,8,85,2098,70,0.7098927188103635,0.9004447011239077
Heart,87,0.8666666666666667,0.9779062919529712,0.1272563933472662,8,85,2098,70,0.7098927188103635,0.9004447011239077
Loan,87,0.9771863117870724,0.9779062919529712,0.1272563933472662,8,85,2098,70,0.7098927188103635,0.9004447011239077
Machine,87,0.8669527896995708,0.9779062919529712,0.1272563933472662,8,85,2098,70,0.7098927188103635,0.9004447011239077
personality,88,0.8914819136522754,0.6828910596032226,0.1497818125328169,9,92,1624,137,0.9325485960250004,0.8994308003661898
Heart,88,0.8637873754152824,0.6828910596032226,0.1497818125328169,9,92,1624,137,0.9325485960250004,0.8994308003661898
Loan,88,0.9792060491493384,0.6828910596032226,0.1497818125328169,9,92,1624,137,0.9325485960250004,0.8994308003661898
Machine,88,0.8632478632478633,0.6828910596032226,0.1497818125328169,9,92,1624,137,0.9325485960250004,0.8994308003661898
personality,89,0.8878504672897196,0.7231108959084198,0.1052655967326671,11,5,3087,76,0.8359823588550545,0.9116676415599732
Heart,89,0.8918032786885246,0.7231108959084198,0.1052655967326671,11,5,3087,76,0.8359823588550545,0.9116676415599732
Loan,89,0.9771863117870724,0.7231108959084198,0.1052655967326671,11,5,3087,76,0.8359823588550545,0.9116676415599732
Machine,89,0.8898305084745762,0.7231108959084198,0.1052655967326671,11,5,3087,76,0.8359823588550545,0.9116676415599732
personality,90,0.9111880046136102,0.79201838680739,0.0110082457357002,12,85,4031,85,0.9220178670077448,0.917501140095391
Heart,90,0.8859934853420195,0.79201838680739,0.0110082457357002,12,85,4031,85,0.9220178670077448,0.917501140095391
Loan,90,0.9792060491493384,0.79201838680739,0.0110082457357002,12,85,4031,85,0.9220178670077448,0.917501140095391
Machine,90,0.8936170212765957,0.79201838680739,0.0110082457357002,12,85,4031,85,0.9220178670077448,0.917501140095391
personality,91,0.8930669800235017,0.9612604234706504,0.0338093686576311,9,38,1379,117,0.854657728648913,0.9100058628825227
Heart,91,0.8874172185430463,0.9612604234706504,0.0338093686576311,9,38,1379,117,0.854657728648913,0.9100058628825227
Loan,91,0.9771863117870724,0.9612604234706504,0.0338093686576311,9,38,1379,117,0.854657728648913,0.9100058628825227
Machine,91,0.8823529411764706,0.9612604234706504,0.0338093686576311,9,38,1379,117,0.854657728648913,0.9100058628825227
personality,92,0.917728852838934,0.8219262434168902,0.0016804407867983,9,52,4394,98,0.7586171129285081,0.926283128613044
Heart,92,0.906148867313916,0.8219262434168902,0.0016804407867983,9,52,4394,98,0.7586171129285081,0.926283128613044
Loan,92,0.9791271347248576,0.8219262434168902,0.0016804407867983,9,52,4394,98,0.7586171129285081,0.926283128613044
Machine,92,0.902127659574468,0.8219262434168902,0.0016804407867983,9,52,4394,98,0.7586171129285081,0.926283128613044
personality,93,0.895662368112544,0.8488346800911494,0.1368294156464966,12,29,187,93,0.907567096526159,0.9116439815468499
Heart,93,0.8940397350993378,0.8488346800911494,0.1368294156464966,12,29,187,93,0.907567096526159,0.9116439815468499
Loan,93,0.975517890772128,0.8488346800911494,0.1368294156464966,12,29,187,93,0.907567096526159,0.9116439815468499
Machine,93,0.8813559322033898,0.8488346800911494,0.1368294156464966,12,29,187,93,0.907567096526159,0.9116439815468499
personality,94,0.9187935034802784,0.6264943911407463,0.0012989843470089,13,53,4350,145,0.8533603417266903,0.9252852849118983
Heart,94,0.9096774193548388,0.6264943911407463,0.0012989843470089,13,53,4350,145,0.8533603417266903,0.9252852849118983
Loan,94,0.9772727272727272,0.6264943911407463,0.0012989843470089,13,53,4350,145,0.8533603417266903,0.9252852849118983
Machine,94,0.895397489539749,0.6264943911407463,0.0012989843470089,13,53,4350,145,0.8533603417266903,0.9252852849118983
personality,95,0.917728852838934,0.6960582475112772,0.0015414259373152,8,23,3495,27,0.6720269089397194,0.924517138615851
Heart,95,0.9019607843137256,0.6960582475112772,0.0015414259373152,8,23,3495,27,0.6720269089397194,0.924517138615851
Loan,95,0.9754253308128544,0.6960582475112772,0.0015414259373152,8,23,3495,27,0.6720269089397194,0.924517138615851
Machine,95,0.9029535864978904,0.6960582475112772,0.0015414259373152,8,23,3495,27,0.6720269089397194,0.924517138615851
personality,96,0.8857479387514723,0.8786005864908315,0.0104648918348442,10,27,4238,80,0.6769156075234684,0.9086917325606492
Heart,96,0.8859060402684564,0.8786005864908315,0.0104648918348442,10,27,4238,80,0.6769156075234684,0.9086917325606492
Loan,96,0.9732824427480916,0.8786005864908315,0.0104648918348442,10,27,4238,80,0.6769156075234684,0.9086917325606492
Machine,96,0.8898305084745762,0.8786005864908315,0.0104648918348442,10,27,4238,80,0.6769156075234684,0.9086917325606492
personality,97,0.9189814814814816,0.6163474465065916,0.0026210338838902,11,42,3950,41,0.6354810135028223,0.9196538516800274
Heart,97,0.9013157894736842,0.6163474465065916,0.0026210338838902,11,42,3950,41,0.6354810135028223,0.9196538516800274
Loan,97,0.956190476190476,0.6163474465065916,0.0026210338838902,11,42,3950,41,0.6354810135028223,0.9196538516800274
Machine,97,0.902127659574468,0.6163474465065916,0.0026210338838902,11,42,3950,41,0.6354810135028223,0.9196538516800274
personality,98,0.9046511627906976,0.6482543484402403,0.0138485683879353,9,46,2643,97,0.7320398053240622,0.9100610072259432
Heart,98,0.8778877887788779,0.6482543484402403,0.0138485683879353,9,46,2643,97,0.7320398053240622,0.9100610072259432
Loan,98,0.9735849056603774,0.6482543484402403,0.0138485683879353,9,46,2643,97,0.7320398053240622,0.9100610072259432
Machine,98,0.8841201716738197,0.6482543484402403,0.0138485683879353,9,46,2643,97,0.7320398053240622,0.9100610072259432
personality,99,0.9187935034802784,0.7286331058720116,0.0016928363374007,14,86,2336,75,0.9494314496427108,0.9241315951952349
Heart,99,0.9166666666666666,0.7286331058720116,0.0016928363374007,14,86,2336,75,0.9494314496427108,0.9241315951952349
Loan,99,0.9639468690702088,0.7286331058720116,0.0016928363374007,14,86,2336,75,0.9494314496427108,0.9241315951952349
Machine,99,0.897119341563786,0.7286331058720116,0.0016928363374007,14,86,2336,75,0.9494314496427108,0.9241315951952349
personality,100,0.9187935034802784,0.9683489602127252,0.0014167639988913,9,36,2105,132,0.8389112329021722,0.9217993203862803
Heart,100,0.896774193548387,0.9683489602127252,0.0014167639988913,9,36,2105,132,0.8389112329021722,0.9217993203862803
Loan,100,0.9678638941398866,0.9683489602127252,0.0014167639988913,9,36,2105,132,0.8389112329021722,0.9217993203862803
Machine,100,0.9037656903765692,0.9683489602127252,0.0014167639988913,9,36,2105,132,0.8389112329021722,0.9217993203862803
