dataset,colsample_bylevel,colsample_bytree,learning_rate,max_depth,min_child_weight,n_estimators,reg_alpha,reg_lambda,subsample,cv_roc_auc,test_roc_auc
heart,0.705051979426657,0.8638628715886625,0.6891758203498262,6.0,10.201714603067373,887.0,0.3558431449687549,5.259925413008049,0.6522316555182531,0.6983207355258172,0.6873278771188085
heart,0.9186941777766422,0.9416576386904312,0.021010887006349066,12.0,19.982145328166585,218.0,0.0815079946852985,0.36245504530728717,0.8178645509395852,0.7770999115826702,0.8015204995927233
heart,0.7224162561505759,0.9593612608346885,0.006986924511363313,7.0,1.9182302909171245,962.0,0.09178998355472624,5.718058236489523,0.7786702115169006,0.7708342474222694,0.7810015127419417
heart,0.9061979941786817,0.5859357806982803,0.10764674639782455,10.0,6.127343113259059,281.0,5.888929198432002,13.235158188303906,0.9559644307534418,0.7812522021233455,0.789030681509639
heart,0.8997767208035865,0.7190145932204617,0.07244158371611711,9.0,22.93152447460037,1462.0,0.5912256328375682,2.834002473589872,0.6765419227639857,0.7298238966115556,0.7405453628641249
heart,0.8670140089927842,0.9696848688013859,0.009677549043510406,5.0,16.027929425552664,808.0,0.7527512696914924,1.2724876030526848,0.8926419685712479,0.7779548340346889,0.7934525425701097
heart,0.8085396792511581,0.8876821894139413,0.02860048565552559,11.0,7.797968767915457,1230.0,2.804561261753206,0.5827002599921443,0.866941242634403,0.7669478736629373,0.7657577285597921
heart,0.7717015338451563,0.9600046132186582,0.06128737094366755,11.0,3.074389408695179,197.0,1.6332866652282896,0.037369649706000894,0.6928647954923324,0.7701289031597562,0.7694038245219348
heart,0.9777389931549642,0.8503107223106829,0.4908028146563286,7.0,3.745929698086832,502.0,0.031263226910018344,0.40806047345014634,0.7971894567956928,0.7436748369597735,0.7081571700089213
heart,0.5018151536273716,0.9089150098318758,0.23820274685078732,5.0,7.42979127199257,622.0,0.2732688767549949,0.0899923307256767,0.9469190305262598,0.7525225530670177,0.7291416159186999
heart,1.0,0.9133672607916989,0.00390625,12.0,1.0,2000.0,32.0,0.03125,1.0,0.7717416884386032,0.7939180016291068
heart,0.5,0.5,0.00390625,12.0,1.0,100.0,32.0,32.0,1.0,0.7350797417948053,0.7840463907528801
heart,1.0,0.5,0.7982467907368808,9.0,1.2424534126592632,592.0,6.610911431760319,1.2871092395887926,1.0,0.767851325927551,0.7835615375664249
heart,1.0,1.0,0.00390625,5.0,15.967590975231206,514.0,0.132692880672079,0.03125,0.7179286015605761,0.7856411585994163,0.802063535161553
heart,0.5,1.0,0.00390625,6.0,1.3846819033306352,1489.0,0.09627714255597525,0.03125,0.7909209650272788,0.7705989110707805,0.779799076839533
heart,1.0,0.6748429842463375,0.009798911403809448,8.0,2.8005149580283497,445.0,7.9483605653365546,0.036306827734907725,1.0,0.7818977151100563,0.7914355533144565
heart,1.0,0.5,0.00390625,3.0,1.0,100.0,32.0,0.03125,0.5,0.7116514761705324,0.7667468290601607
heart,1.0,1.0,0.11390787136455606,3.0,1.0,100.0,0.6935389895682914,0.059569881023029056,1.0,0.7678373652965305,0.7686668476785229
heart,1.0,1.0,1.0,12.0,17.48467947770983,536.0,32.0,0.03125,0.7789483974435798,0.7771909880802802,0.7984174391994103
heart,1.0,1.0,0.00390625,5.0,6.879294674785391,507.0,0.4198904200564629,0.09058344695212413,0.5,0.7820339974604946,0.7978356153756644
heart,1.0,0.6139423124065234,1.0,6.0,18.243169969595986,580.0,32.0,0.03125,1.0,0.7764716831867469,0.7965943912183391
heart,1.0,0.6536029884808116,0.03749796098427603,12.0,32.0,2000.0,0.08248342795275701,32.0,1.0,0.7388065654853314,0.7820875838796013
heart,0.9701663743168311,1.0,0.03928733786159221,10.0,18.632212132352702,100.0,32.0,0.03125,1.0,0.7798066120207682,0.801307164190683
heart,0.5,0.5,0.00390625,11.0,1.10867676539032,100.0,0.2533782660757499,0.03125,1.0,0.7537092067037621,0.7796051355649509
heart,0.8501787278262569,1.0,0.00390625,9.0,29.08870600930761,100.0,31.040072079405927,0.03125,0.5,0.5577597840755736,0.7190566696404329
heart,1.0,0.9905353709262888,0.00390625,9.0,3.190598550657364,399.0,0.14519142506817462,0.885961682639506,0.5,0.7796613549789594,0.7897676583530506
heart,0.9183734850186681,1.0,1.0,11.0,18.829162783763554,2000.0,31.225602174082972,1.466624049709627,1.0,0.7785780764909621,0.8090066327915907
heart,0.7469110943374608,1.0,0.00390625,12.0,32.0,919.0,1.1017177137236582,0.03125,0.7542435274988486,0.734390352539173,0.7892440169116791
heart,1.0,1.0,0.00390625,4.0,1.0,1941.0,0.8714831242023376,0.10558641819802464,0.6499612318460919,0.7713162215884539,0.7760366161126411
heart,1.0,1.0,0.10221372932713442,12.0,4.422850756753414,2000.0,29.619164207354675,0.37265462976038044,1.0,0.7798089387926049,0.7944416430704784
heart,0.5,1.0,0.00390625,3.0,16.92215425371304,100.0,0.03125,0.03125,0.7113310361103811,0.7863657818285767,0.7986501687289088
heart,1.0,1.0,1.0,12.0,1.0,1511.0,29.019455940274952,0.0653393946689668,0.7258590743225012,0.762908265358356,0.7981265272875373
heart,0.5,1.0,0.004962250211266295,6.0,9.416308774132958,245.0,0.1305027577637953,0.03125,0.7646524355581612,0.7832911190442952,0.7952368022962648
heart,0.5,1.0,0.00390625,3.0,32.0,100.0,0.03125,0.03125,0.5,0.6631376185822646,0.7157208797176215
heart,1.0,0.8645477323019506,0.0046590693726452385,7.0,1.0,1545.0,0.5342876918358145,0.14467624653733516,0.5,0.7707079369511312,0.773864473837322
heart,0.7923669773944074,1.0,0.00390625,12.0,1.0,100.0,0.15054992253762842,0.03125,0.7567361876586853,0.7743377010164669,0.7855397385671619
heart,0.7262148232659198,0.7908037803172983,0.007886785445845907,5.0,32.0,1178.0,0.03125,0.03125,1.0,0.7597920530769896,0.7919398006283699
heart,1.0,0.8993157470491331,0.005330194761157949,6.0,32.0,100.0,10.095551110172465,0.03125,0.9684516525243414,0.7738351182997281,0.7999107870136922
heart,0.6761393937054189,1.0,0.00390625,3.0,1.0,100.0,32.0,0.03125,0.7662911926290006,0.7751746740857449,0.7916294945890385
heart,1.0,0.8187759366266607,0.00390625,3.0,20.835212196940912,2000.0,0.03125,0.03125,0.5376644464582777,0.7398482944762437,0.7914355533144564
heart,0.5,0.6718577710006821,1.0,12.0,1.0,2000.0,0.03125,0.03125,0.5,0.6934501372795383,0.7147899615996276
heart,0.5,0.556901992423423,0.01404713823797077,4.0,32.0,1414.0,0.03125,0.03125,0.8095804814346943,0.731942588566908,0.7701020131104301
heart,1.0,0.5,0.2595192020604974,8.0,2.1043127256151397,155.0,32.0,8.398157045610503,0.8465438851511562,0.7773661607599902,0.7945967960901439
heart,1.0,1.0,0.008164423859848658,10.0,32.0,100.0,0.15019184813213352,0.06204611966216745,0.8616599997830223,0.7471915863930383,0.8065047903494822
heart,0.6667206098733733,1.0,0.00390625,5.0,1.0344285689312345,1588.0,0.03125,1.8439155988289,0.8490289439311067,0.7735206717057898,0.7816221248206044
heart,1.0,1.0,0.00390625,12.0,7.623472034520816,1174.0,0.03125,0.03125,0.6198025098652711,0.7755901690565936,0.7881773399014779
heart,1.0,0.7801841323367031,0.00390625,10.0,14.193626218557519,418.0,0.03125,0.03125,0.7840896381870954,0.781711573363116,0.7940731546487724
heart,1.0,1.0,0.00390625,3.0,6.3531691240482795,100.0,0.21093356599956592,0.03125,0.7450290949468097,0.7867038285368595,0.7942089135409798
heart,1.0,1.0,0.00390625,3.0,3.444208671314236,1462.0,11.22879063901414,0.03250438126333589,0.7746849054944691,0.7936745045637968,0.7974477328265
heart,1.0,0.5,1.0,11.0,3.7117780342110924,100.0,32.0,0.03125,1.0,0.7695861005298391,0.799600480974361
heart,1.0,1.0,0.00390625,3.0,3.6141027829655834,100.0,1.2079323583697814,0.6204503888969726,0.8621064433535419,0.7892516436981046,0.795915596757302
heart,1.0,1.0,0.00390625,4.0,3.4301914965214952,1047.0,0.03125,0.14559091486368805,1.0,0.7696170133556703,0.7952368022962647
heart,0.5,0.9616437653884686,0.00390625,8.0,20.811687569629033,460.0,32.0,0.04841892411864505,0.9391891111479965,0.7801622757158148,0.7982622861797446
heart,1.0,1.0,0.00390625,4.0,4.435797729118135,1236.0,3.297599788905976,0.09687225005736651,0.625074842724386,0.7809736542948885,0.7897676583530507
heart,1.0,0.5,0.00390625,3.0,6.676341699365552,100.0,32.0,0.11650309555133198,1.0,0.7634846399819176,0.7994065396997792
heart,1.0,1.0,0.04966013570699203,12.0,2.1334053286236307,100.0,32.0,0.4879110108004074,0.8855369142921885,0.7814486481455629,0.7906016058337535
heart,1.0,1.0,0.00390625,3.0,1.533836905600686,2000.0,4.494457936693632,0.0681889222692958,0.8261092803896055,0.7826569075207914,0.7877894573523138
heart,1.0,0.5,0.00390625,3.0,3.7862450433203567,214.0,1.7588319192620456,0.06442620518076551,0.8036739901514187,0.7773698171157336,0.7937240603545245
heart,0.6643306857866494,0.5,0.00390625,3.0,6.942621314871636,219.0,0.03125,20.663121231714147,0.5,0.767457769091163,0.7939567898840232
heart,0.5,1.0,0.19475412721503052,3.0,18.688368785739573,100.0,32.0,0.03125,0.8740890501530753,0.7816261475971096,0.7994259338272371
heart,0.9564902904036522,0.5,1.0,8.0,2.0476028027133473,328.0,0.03125,0.08881997840656417,1.0,0.7272697659267532,0.7050541096156084
heart,1.0,1.0,0.00390625,3.0,1.0,2000.0,0.03125,32.0,0.5,0.7856876940361514,0.7962452969240914
heart,1.0,0.5,1.0,12.0,9.091882209544762,114.0,32.0,32.0,0.9334581933393923,0.7818235908072568,0.7995810868469028
heart,1.0,1.0,0.00390625,3.0,3.771154022627128,2000.0,32.0,32.0,0.82008767307639,0.7824867207807318,0.7976416741010822
heart,1.0,1.0,1.0,3.0,4.315222204440987,2000.0,32.0,0.03125,0.8472290590401288,0.7667946391176882,0.789418564058803
heart,0.5,1.0,0.00390625,12.0,13.812577271659057,100.0,0.03125,27.53534327773424,1.0,0.7813316447617717,0.8037314301229588
heart,1.0,1.0,1.0,7.0,1.0,2000.0,32.0,0.06278406762660568,0.9072740190708859,0.7798710968402438,0.7874597571855241
heart,1.0,1.0,1.0,8.0,32.0,1096.0,32.0,31.140481366006213,0.9035950927052009,0.7596561031225277,0.8053411427019899
heart,1.0,1.0,1.0,12.0,1.6476477559406426,2000.0,32.0,0.03125,1.0,0.762158380034968,0.7878088514797719
heart,0.5,1.0,0.00390625,10.0,1.5993306523756503,904.0,0.03125,0.5527609943553884,0.5,0.7771298272205713,0.7799930181141151
heart,1.0,0.5,0.00390625,11.0,23.063271615835383,2000.0,32.0,32.0,1.0,0.7775562912586507,0.800550793219813
heart,0.6181241154296553,1.0,0.00390625,7.0,2.7870190491433138,742.0,32.0,1.7032197827601256,0.5,0.7351362491108407,0.7877312749699391
heart,1.0,1.0,0.0463749977777913,3.0,1.0,874.0,5.934454613467193,0.09188918167315573,0.8464427654229583,0.7764869734016739,0.7840657848803382
heart,0.527294947171335,1.0,0.026303786692494866,8.0,3.003420983462154,2000.0,2.6106717268597346,0.03125,0.8814797402760591,0.7706215139971946,0.768007447344944
heart,1.0,1.0,0.00390625,3.0,1.815691641122219,1469.0,0.03125,0.04814837453914329,0.6158780463713688,0.7759105987781123,0.7893409875489702
heart,1.0,1.0,0.09765763535390819,10.0,15.445383547673444,1325.0,32.0,32.0,0.8687905024183648,0.7867400596983175,0.8016756526123889
heart,1.0,1.0,0.00390625,12.0,2.4620259050458233,100.0,4.936322725149197,0.13348169671686438,0.7292897889354665,0.7828683113619593,0.7912222179124162
heart,1.0,1.0,0.00390625,5.0,9.673871497057434,100.0,32.0,0.3271376822132386,0.7602918028156266,0.7804042599868372,0.7850354912532485
heart,1.0,1.0,0.00390625,11.0,12.469157312198565,100.0,0.6504169286310987,32.0,0.7672399817527328,0.7920082035327044,0.7998913928862341
heart,1.0,1.0,1.0,10.0,14.235893023766138,100.0,32.0,0.03125,0.8941782489465672,0.7866443296570339,0.7977386447383733
heart,0.5,1.0,0.00390625,12.0,21.9004390559542,100.0,1.0959142435990066,0.03125,1.0,0.7790600506571469,0.8017144408673054
heart,0.8052793268339675,0.8064942151694878,1.0,12.0,1.0,637.0,0.052093011469876556,1.3797458423927562,0.842525807893798,0.7512893639935382,0.7321670998021799
heart,0.9367516943374424,0.9261641378581258,0.0056577167103299296,9.0,6.211048166772475,779.0,0.26518740674253316,1.5226608709626328,0.9997428426981892,0.7682096487904111,0.7846476087040845
heart,1.0,1.0,0.00390625,12.0,1.9429905501874145,100.0,0.7444682479309699,0.03125,0.9364235941116937,0.7718673341177879,0.7789457352313719
heart,0.5,1.0,0.00390625,3.0,14.968092483720746,1134.0,0.5813088847878196,0.03125,0.8075350844251282,0.7836354812761346,0.797913191885497
heart,0.6649216149173481,0.987406319373987,0.00402376482856488,9.0,3.5739420543403035,1220.0,0.1820703887363124,4.727366482800763,0.6392298886217883,0.7786076597328866,0.7901943291571312
heart,0.5515919383248598,0.9706060793964351,0.0039636032223622645,11.0,6.179242492094941,1955.0,5.001363360906927,8.769868993366803,0.7523295272505522,0.784697818817601,0.7947325549823514
heart,1.0,1.0,0.00390625,12.0,4.589992563240431,100.0,2.1715533473805815,32.0,0.7430485771632347,0.7947617718035141,0.794868313874559
heart,1.0,0.5,1.0,12.0,16.56706483417901,704.0,32.0,32.0,0.852039535267304,0.7825691549829481,0.8033241534463363
heart,1.0,1.0,0.00390625,3.0,4.026241463406761,1173.0,1.378840578830151,32.0,0.7526326177987324,0.792114237849265,0.7945386137077693
heart,1.0,1.0,0.00390625,12.0,8.672407442266316,100.0,1.354142053626055,32.0,0.6738290625407023,0.7927384774934685,0.7992707808075714
heart,0.9331854007420004,0.9895127374175541,0.7843626159810921,7.0,15.158211780828314,1673.0,0.24306352927217015,3.9457125108190447,0.9894659691383851,0.7323248439400889,0.7093208176564135
heart,1.0,1.0,0.00390625,3.0,1.0,100.0,0.03125,32.0,1.0,0.7817474721285974,0.7926379892168651
heart,1.0,1.0,0.03146543573045528,5.0,5.149661186917649,100.0,32.0,0.28426842518911677,0.7454036640198699,0.7761938001502431,0.7925798068344905
heart,0.8411017044885721,0.8806304657179231,0.8196134425665871,12.0,2.8705879848245712,710.0,29.254216223825438,0.2193533528565288,0.508600833824452,0.7605086988027099,0.778014817113378
heart,0.8537501756536185,0.8780823649371388,0.05112508186625104,8.0,3.464682475845391,1977.0,0.03401319370830252,3.3130306897222828,0.5098331677988004,0.7582145017716705,0.739536868236298
heart,0.8068394958776653,0.5009866245940211,0.005871960575295405,9.0,1.1486724049811614,1573.0,0.03795607737786793,0.1386349513252083,0.6362028938283937,0.7742565963981572,0.768201388619526
heart,1.0,1.0,0.00390625,3.0,7.876952811385353,2000.0,1.4898775884484283,0.03125,0.7266847909969798,0.7754000385579334,0.7867033862146542
heart,0.6418254181122309,1.0,0.06038140946301286,4.0,4.773495927649742,100.0,32.0,2.260916222161757,1.0,0.7780538880357393,0.7963228734339243
heart,1.0,1.0,0.00390625,12.0,2.713359624082395,100.0,32.0,32.0,0.8728673845988248,0.7759621201544977,0.7822815251541831
diabetes,0.705051979426657,0.8638628715886625,0.6891758203498262,6.0,10.201714603067373,887.0,0.3558431449687549,5.259925413008049,0.6522316555182531,0.7225143503921092,0.7309850746268657
diabetes,0.9186941777766422,0.9416576386904312,0.021010887006349066,12.0,19.982145328166585,218.0,0.0815079946852985,0.36245504530728717,0.8178645509395852,0.7812361549033875,0.8237014925373135
diabetes,0.7224162561505759,0.9593612608346885,0.006986924511363313,7.0,1.9182302909171245,962.0,0.09178998355472624,5.718058236489523,0.7786702115169006,0.7895799310103213,0.8256716417910448
diabetes,0.9061979941786817,0.5859357806982803,0.10764674639782455,10.0,6.127343113259059,281.0,5.888929198432002,13.235158188303906,0.9559644307534418,0.7890618346942626,0.8254328358208955
diabetes,0.8997767208035865,0.7190145932204617,0.07244158371611711,9.0,22.93152447460037,1462.0,0.5912256328375682,2.834002473589872,0.6765419227639857,0.7719601086048455,0.8082388059701493
diabetes,0.8670140089927842,0.9696848688013859,0.009677549043510406,5.0,16.027929425552664,808.0,0.7527512696914924,1.2724876030526848,0.8926419685712479,0.7797064570027219,0.824
diabetes,0.8085396792511581,0.8876821894139413,0.02860048565552559,11.0,7.797968767915457,1230.0,2.804561261753206,0.5827002599921443,0.866941242634403,0.7698591909882232,0.8034626865671642
diabetes,0.7717015338451563,0.9600046132186582,0.06128737094366755,11.0,3.074389408695179,197.0,1.6332866652282896,0.037369649706000894,0.6928647954923324,0.7738851160158461,0.8050149253731343
diabetes,0.9777389931549642,0.8503107223106829,0.4908028146563286,7.0,3.745929698086832,502.0,0.031263226910018344,0.40806047345014634,0.7971894567956928,0.7149749373433585,0.7571343283582089
diabetes,0.5018151536273716,0.9089150098318758,0.23820274685078732,5.0,7.42979127199257,622.0,0.2732688767549949,0.0899923307256767,0.9469190305262598,0.7195652437545477,0.768955223880597
diabetes,0.7789936081606195,0.5,0.004888813367203067,12.0,17.813805030605526,671.0,1.042361927948892,24.890587114568124,0.5902906999716258,0.7843695933381841,0.8072835820895522
diabetes,0.6805622493913205,0.5,0.335524918559664,12.0,3.864502659034872,1610.0,0.8237018405187146,13.221623013876703,0.5,0.7253502708383863,0.7615522388059701
diabetes,1.0,0.6726022102272755,0.09415259433127994,4.0,2.636535736088347,1913.0,32.0,20.24689353813446,0.9790685251108375,0.7560486229013395,0.7669850746268657
diabetes,0.6600366319165221,0.72042183674633,0.053114187200025045,11.0,1.9072735234552254,100.0,0.03125,32.0,0.5055932859576046,0.8043450696634059,0.8284179104477611
diabetes,0.8519509139995592,0.7667702719793995,0.00390625,6.0,1.0,2000.0,0.3497280586774868,0.03125,0.7018626284491919,0.7854193952623494,0.8154029850746268
diabetes,0.9508886213101698,0.5,0.04464637798237634,12.0,1.5244017998880923,100.0,0.1361710784345666,32.0,0.5200132419923242,0.7953544479478266,0.8163582089552239
diabetes,0.5,1.0,0.00390625,3.0,1.0,100.0,0.03125,0.03125,0.803765968857284,0.8071549842347805,0.8189850746268657
diabetes,0.9064172512865214,1.0,0.00390625,11.0,5.7300686560377025,100.0,0.03125,32.0,0.9552443656756013,0.7800175842832889,0.7994626865671642
diabetes,0.5,0.9003302659042847,0.0075422039716662274,12.0,1.0,100.0,0.03125,0.03125,0.6262932997986161,0.7945525103080282,0.8352238805970149
diabetes,0.5,0.7493651013769099,0.00390625,4.0,1.3088267191412999,2000.0,0.03125,32.0,0.9814199299626962,0.7959301479505216,0.8265074626865672
diabetes,0.5,0.5,0.00390625,8.0,32.0,768.0,0.03125,0.42683829325819833,0.5,0.5,0.5
diabetes,0.6379610949138175,0.5556375473995304,0.03152085382728055,3.0,1.0,100.0,32.0,0.03125,1.0,0.746172723475355,0.7647164179104478
diabetes,1.0,0.5,0.00390625,12.0,32.0,100.0,32.0,32.0,0.5,0.5,0.5
diabetes,0.9815320330505939,0.5,0.2503217347971806,12.0,18.926286533677974,2000.0,1.0001877674760473,32.0,0.5799781560907158,0.7740719069178323,0.7940298507462686
diabetes,0.5533303940036532,0.5,1.0,10.0,1.8340511127321264,402.0,11.902781559982195,0.4168310969646538,0.5871252137137728,0.782899385560676,0.8292537313432835
diabetes,0.6893605980236224,1.0,0.00390625,8.0,1.0993506954167447,100.0,0.03125,0.945677793041334,0.8117927283427413,0.795381060177325,0.8392835820895523
diabetes,0.977848360888341,0.5,0.00390625,7.0,6.864445005996527,1104.0,4.031816501198304,1.067580629796604,0.759814731261313,0.7958323901150727,0.8280597014925373
diabetes,1.0,0.5,0.00390625,12.0,6.1100320523185925,663.0,32.0,32.0,0.5722963183978897,0.5,0.7700298507462687
diabetes,1.0,0.5043023300273473,0.07036908487324364,5.0,22.921844047884864,1769.0,1.469455059840181,10.346875214630751,0.9702289985153394,0.7709168755221387,0.8037611940298507
diabetes,0.5,0.983269750846268,0.005989818262564552,9.0,1.0,299.0,0.03371951765091226,0.03125,0.5,0.7990621041851942,0.8210149253731344
diabetes,0.5,0.6955126894633037,0.2985551056707715,8.0,1.66247863979132,947.0,0.10445928995501602,31.980517491802345,0.6242855255513061,0.7465793516048185,0.7768358208955223
diabetes,1.0,0.5152695094022102,0.029776392463433145,4.0,2.413169409615413,1344.0,32.0,13.24314621922424,0.8206860592472864,0.7624435753361899,0.7904477611940298
diabetes,1.0,1.0,0.00390625,12.0,3.155355218814162,100.0,0.06095466184079003,10.486756738003802,0.5155580748543432,0.7927613388309485,0.8105074626865673
diabetes,1.0,0.7102718866309543,0.036331389094218104,8.0,12.154947345933142,1344.0,0.1078332305636102,0.16775887221357935,0.8359916708937701,0.7500215592745304,0.7829253731343284
diabetes,0.5,0.8527729963690065,0.00390625,3.0,6.554684414094724,149.0,0.05695135315007352,4.2452596899815696,0.551637922692958,0.7945061578677877,0.8171940298507463
diabetes,1.0,0.650613545927006,0.00390625,10.0,2.9047676120061956,1036.0,1.9559026801305144,0.05581353877290525,0.8440801264158169,0.7929004635244024,0.8292537313432836
diabetes,0.7627971350840017,0.6228533241182683,0.004499149970708669,5.0,9.74313782935459,621.0,0.13551786493572013,1.0222714358452718,0.8229786388980602,0.7959812164820653,0.8336716417910448
diabetes,0.7936723395321501,0.6427992985844859,0.005067419757050309,9.0,1.7321802269189566,575.0,0.2189752624242248,14.33758784266616,0.8910590119072994,0.7973182283666155,0.8237611940298508
diabetes,1.0,0.7610415320119626,0.5540919351335378,10.0,4.397571263191061,1900.0,5.428655191213,27.20609713931063,0.9408781819350021,0.7855963834316976,0.8082388059701493
diabetes,0.7307416415968478,0.8350284936711134,0.00390625,3.0,1.6176216255547191,1689.0,0.08008710698404772,7.668233096757703,0.8916661499746212,0.796009984639017,0.8293731343283582
diabetes,1.0,1.0,1.0,10.0,2.5847392419562056,1098.0,24.09351670562343,4.784131987201593,0.5228718184616727,0.7622853167865902,0.8191044776119403
diabetes,1.0,0.5,0.29509070571223733,11.0,8.822927897768047,1976.0,3.827169521731576,1.4577610968652432,0.7125416719509868,0.7368633950467567,0.7745671641791045
diabetes,0.9230326818552559,0.7541367686946892,0.00390625,12.0,24.554850329232924,542.0,0.16557951903649248,1.2688333603602355,0.661183395697957,0.7718443959360768,0.8084776119402985
diabetes,0.5,0.7946594742831576,0.029368430713032845,4.0,1.0,678.0,0.03125,0.29814494530129204,0.7183063208137362,0.7693571293825963,0.7998805970149253
diabetes,1.0,0.8964612492385982,0.3054449653998299,10.0,1.0,100.0,0.0397414506853571,10.217335374072473,0.928170606011405,0.7802059584444982,0.7984477611940298
diabetes,1.0,0.8056106752293128,0.023395221424712044,9.0,6.338879507142813,100.0,1.2065182687053113,0.8239798969186756,0.9933414174500137,0.7923533295604603,0.8445373134328358
diabetes,0.867943825077965,0.7148542948681557,0.06441975413884479,8.0,4.138731932088558,100.0,5.513015584911064,32.0,1.0,0.796923626269976,0.8206567164179105
diabetes,1.0,1.0,0.20376977578857902,12.0,6.943440762822244,100.0,0.0572758774282146,0.03703810855356179,1.0,0.7554061902066996,0.7874626865671642
diabetes,1.0,0.5216257438087193,0.00390625,3.0,3.9669008918100133,100.0,1.2988802217288,32.0,0.5,0.7904410219096127,0.817910447761194
diabetes,0.8698533161809224,0.7744288819246825,0.00390625,11.0,1.8213693410845866,100.0,0.03575179538457774,32.0,0.6172701950932241,0.7880869512490905,0.8094328358208955
diabetes,0.7778042778445077,0.8178365508410546,0.00390625,12.0,11.492906002460039,100.0,0.21373946849898784,32.0,1.0,0.7834123952354004,0.8045373134328359
diabetes,0.5,1.0,0.00390625,9.0,2.2254013399743426,254.0,0.1488910150633107,32.0,0.884983494400517,0.7963570889589565,0.8152835820895522
diabetes,1.0,0.5,0.00390625,3.0,25.571970686150546,963.0,9.691771869444517,13.020092321214738,0.797834346892955,0.7820793583420917,0.8
diabetes,0.5,0.5,1.0,8.0,4.904371419572562,1831.0,9.983781172187038,32.0,0.7604633345641449,0.8011075403562671,0.8343880597014924
diabetes,1.0,0.5,0.8259423161308862,3.0,4.277385250763968,100.0,12.04510772425263,21.243553617817632,0.7869985155135122,0.7812177958336702,0.8294925373134328
diabetes,0.5424810562167127,0.6833796950801663,1.0,3.0,32.0,100.0,17.842919673764904,20.0783655185654,0.7129370976255693,0.5,0.8016119402985076
diabetes,1.0,0.6072896140993265,0.00390625,8.0,32.0,1362.0,4.784067822044516,32.0,0.9546873957434484,0.7835588635567413,0.798089552238806
diabetes,1.0,0.6263695252438168,0.00390625,9.0,1.0385410196779226,385.0,0.13632153175806017,1.6482972955421529,0.9451966113165655,0.794514646832134,0.8346268656716418
diabetes,0.5,0.8050672429078534,0.00390625,5.0,1.0,107.0,3.64068211154573,32.0,0.5000349841722179,0.7952660549222518,0.8180298507462687
diabetes,0.7117365380019891,0.5215744527989593,0.00390625,5.0,17.890606950670236,691.0,6.448482935106394,11.779022898516445,0.7253188236755614,0.7837199180747568,0.8097910447761194
diabetes,1.0,0.5,0.00390625,3.0,31.70333909295674,100.0,3.587103792105278,5.7084188284982424,1.0,0.7811107405610801,0.7625671641791044
diabetes,1.0,1.0,1.0,12.0,32.0,100.0,0.20787586319523763,11.03557878388585,0.932299850049167,0.7580598674104617,0.8095522388059702
diabetes,0.5,1.0,0.00390625,3.0,5.30448353747058,100.0,0.11565265975509738,0.03125,0.5,0.7959096666397176,0.8293731343283582
diabetes,0.9251605882404947,0.5,0.013303894619379327,3.0,2.9175494535269078,1679.0,9.839696886959423,32.0,1.0,0.7937770501522624,0.8249552238805969
diabetes,0.5,1.0,0.04778941166544861,12.0,1.3943740903128252,100.0,0.04821112118521456,0.03125,0.5,0.7849240035572803,0.8206567164179104
diabetes,1.0,0.5,0.508910778368527,7.0,3.21201906565325,100.0,8.024448260088969,32.0,0.9033258707801073,0.7886181852480664,0.8254328358208955
diabetes,0.5,0.8159926525542205,0.00390625,4.0,2.1417522048737605,1953.0,5.74153582471314,0.03125,0.7302729193012261,0.7975734362788691,0.8277014925373134
diabetes,1.0,0.7903271085489221,0.00390625,10.0,1.0,142.0,1.5092346979680509,0.03125,0.9549725362982584,0.7919996227126957,0.8388059701492537
diabetes,0.5,0.6934409710562247,0.030553507807435695,10.0,1.9702320851287778,1931.0,13.59844926675805,32.0,0.8104260782927031,0.7956343816530573,0.8212537313432836
diabetes,0.5,0.7593777354367657,1.0,7.0,1.0,1428.0,2.180389029589965,0.03125,0.7515423423796767,0.7498779879807045,0.7588059701492538
diabetes,0.5,0.6762881322838217,0.00390625,6.0,7.5509464554079395,413.0,1.1126945286851644,0.03125,0.8317360732798402,0.798661438542593,0.8343880597014925
diabetes,0.5,0.9439952387082302,0.010849970714645645,7.0,2.534221637527309,447.0,0.03125,0.03125,0.6869284199035206,0.7881743336836716,0.8238805970149254
diabetes,0.5,1.0,0.00390625,12.0,8.666442015228405,100.0,0.08233501558317544,32.0,0.8484834296299583,0.7903257134772416,0.811044776119403
diabetes,1.0,0.5,0.00390625,12.0,5.177815705677385,100.0,0.21007701689148903,13.799667899125122,0.8474657004864097,0.789670749454281,0.8211343283582089
diabetes,0.5,0.5,0.00390625,3.0,4.291535412984661,2000.0,3.962967695722782,0.41212654749341776,1.0,0.7947141374942733,0.8273432835820896
diabetes,0.6106971465548258,0.5,0.048034020725946584,3.0,3.7240305595949024,198.0,0.03125,32.0,1.0,0.7868869755032744,0.8213731343283582
diabetes,1.0,0.5,0.04953124176385166,10.0,1.0,100.0,0.2359005244539151,25.48774142492097,0.5,0.7953104535532379,0.8234029850746268
diabetes,0.9762359700969734,0.5,0.00390625,9.0,1.0,258.0,0.05633722363146563,13.407132062199533,0.9330018308326529,0.7957834775109818,0.8181492537313433
diabetes,0.5359788614045394,0.5410774483944653,0.2933219598953049,3.0,3.291985971358855,2000.0,10.00746034981676,0.05152318366847653,0.8813743529655217,0.7958512544802867,0.8185074626865672
diabetes,0.8223243305975365,0.9847062259116132,1.0,5.0,32.0,100.0,0.06757796018263885,27.324324546193214,0.7614698952845556,0.56746200177864,0.7905671641791044
diabetes,0.978356112814587,0.5,0.05882045174955347,9.0,1.855312634133396,2000.0,8.45762466098728,32.0,0.5498735073321434,0.7993846174576225,0.8311641791044776
diabetes,0.5,0.6022012527467835,0.03092011274334218,6.0,7.237788188674241,2000.0,3.5979372432412706,32.0,0.7404029589698393,0.7891843856954214,0.8213731343283582
diabetes,1.0,0.5,1.0,3.0,1.0,2000.0,2.8907876458357173,32.0,0.5,0.7478159781173364,0.7857910447761194
diabetes,1.0,0.5,0.00390625,3.0,20.704328145731356,2000.0,4.025820521512319,32.0,0.9736321616688481,0.7851110976365645,0.8222686567164179
diabetes,0.8237711036248851,0.5,0.037089100933995006,12.0,32.0,2000.0,0.5770693752724539,32.0,1.0,0.7731909410623332,0.8128358208955224
diabetes,0.5,0.5,0.042507165528352195,12.0,1.0,1176.0,7.650874567820043,32.0,0.531609225942323,0.8002058236990326,0.8212537313432836
diabetes,0.5,0.9680998715547036,0.00390625,9.0,1.0,2000.0,8.188377360725683,0.03125,0.8972155849857668,0.7996998544748969,0.8214925373134327
diabetes,1.0,0.5,0.0045345763325310645,8.0,13.42299301725705,1854.0,1.5752195205462063,32.0,0.5,0.7865201983453256,0.818865671641791
diabetes,1.0,0.5,0.00390625,3.0,3.012882444032054,100.0,0.03649875406318898,32.0,0.9424328765882026,0.7882633667502089,0.8084179104477612
diabetes,0.5036583193609914,0.668048931510276,0.05477573250131232,12.0,3.3439138908714563,100.0,0.03125,32.0,0.5,0.7915888511601585,0.8253134328358209
diabetes,0.5,1.0,0.005858188934142102,12.0,1.0,2000.0,4.173851567796799,3.972606673860607,0.5,0.798598040800927,0.8245970149253732
diabetes,0.5,0.5061035815821784,0.00390625,12.0,1.0,100.0,0.39175524104264137,32.0,0.5471736589918343,0.7890773304228313,0.8118208955223881
diabetes,1.0,0.5,0.00390625,3.0,6.55185570000561,100.0,0.35019152946535204,32.0,1.0,0.786050441965128,0.8082388059701492
diabetes,0.5,0.5550306325414945,1.0,7.0,32.0,335.0,0.5892509276740839,0.16303728160060957,1.0,0.7348250666990056,0.8019701492537313
diabetes,0.5,0.5,0.00390625,3.0,1.0,2000.0,10.013398780416614,0.03125,0.5,0.7935474438785135,0.8170746268656717
diabetes,0.5,0.5,0.00390625,8.0,5.094171663647084,100.0,1.3678649643974414,32.0,0.5,0.7869381114075512,0.814089552238806
diabetes,1.0,1.0,1.0,12.0,1.0,363.0,0.25629678136575057,32.0,1.0,0.7734770393726252,0.776955223880597
diabetes,0.5,0.8802002395221715,0.025305994116633177,5.0,1.3732536510863609,100.0,9.474136939792086,0.03125,0.9984333398833114,0.799755538038645,0.8177910447761194
diabetes,1.0,0.7866902078010269,0.015059287164251181,12.0,1.57964852275179,100.0,5.360143739111124,0.03125,1.0,0.7982736074056108,0.8269850746268657
diabetes,0.5,0.9687664522711146,0.046430834503299684,3.0,5.509386828979241,2000.0,7.545913247366288,0.03125,0.5831831744972162,0.7979602231384912,0.8288955223880596
cancer,0.705051979426657,0.8638628715886625,0.6891758203498262,6.0,10.201714603067373,887.0,0.3558431449687549,5.259925413008049,0.6522316555182531,0.809326316362054,0.7887743125419182
cancer,0.9186941777766422,0.9416576386904312,0.021010887006349066,12.0,19.982145328166585,218.0,0.0815079946852985,0.36245504530728717,0.8178645509395852,0.864696703249923,0.8578897628193402
cancer,0.7224162561505759,0.9593612608346885,0.006986924511363313,7.0,1.9182302909171245,962.0,0.09178998355472624,5.718058236489523,0.7786702115169006,0.862181384771527,0.8461755380769467
cancer,0.9061979941786817,0.5859357806982803,0.10764674639782455,10.0,6.127343113259059,281.0,5.888929198432002,13.235158188303906,0.9559644307534418,0.8610164455724394,0.8515791720017073
cancer,0.8997767208035865,0.7190145932204617,0.07244158371611711,9.0,22.93152447460037,1462.0,0.5912256328375682,2.834002473589872,0.6765419227639857,0.8537299470058579,0.8275028961648679
cancer,0.8670140089927842,0.9696848688013859,0.009677549043510406,5.0,16.027929425552664,808.0,0.7527512696914924,1.2724876030526848,0.8926419685712479,0.8647153614539242,0.8572495579537833
cancer,0.8085396792511581,0.8876821894139413,0.02860048565552559,11.0,7.797968767915457,1230.0,2.804561261753206,0.5827002599921443,0.866941242634403,0.8544980197020724,0.8371059691482228
cancer,0.7717015338451563,0.9600046132186582,0.06128737094366755,11.0,3.074389408695179,197.0,1.6332866652282896,0.037369649706000894,0.6928647954923324,0.8563921486547847,0.8390189622583989
cancer,0.9777389931549642,0.8503107223106829,0.4908028146563286,7.0,3.745929698086832,502.0,0.031263226910018344,0.40806047345014634,0.7971894567956928,0.8229781168294691,0.8002980001219437
cancer,0.5018151536273716,0.9089150098318758,0.23820274685078732,5.0,7.42979127199257,622.0,0.2732688767549949,0.0899923307256767,0.9469190305262598,0.8309118785441296,0.808205292360222
cancer,1.0,0.5,0.00390625,3.0,32.0,100.0,32.0,0.03125,0.5,0.8424739973277691,0.8271789829888421
cancer,1.0,1.0,0.00390625,3.0,32.0,100.0,32.0,0.03125,1.0,0.8383809800289928,0.8109680812145601
cancer,0.6342734471789533,0.5273871108876428,0.09219117280909803,8.0,30.182024555776874,1121.0,32.0,0.060956074242617155,0.5,0.8495811837122748,0.8215238400097554
cancer,0.5,0.6068753993851937,0.011757146927048767,12.0,6.912726863861187,100.0,0.07916464690125362,5.580014659072531,0.5,0.8565934021752645,0.8482447716602646
cancer,1.0,0.5305015009862044,0.011004844399378433,8.0,1.4916813346647393,2000.0,0.03125,10.615472400513731,0.5,0.8574977926615457,0.8401088348271446
cancer,0.9270856581776874,0.9855939812721801,0.012836000138668811,11.0,4.387067540414148,1824.0,0.03125,0.7078405777028829,1.0,0.8331886800251187,0.8141729162855923
cancer,0.9923839800198138,0.7328607206644625,0.024351360589068834,7.0,15.204333528579559,100.0,0.06121814664910348,32.0,0.5,0.8543368738591663,0.8390113407719041
cancer,0.98891720501595,0.7011978013804105,0.011737570272898463,5.0,1.492215561746049,2000.0,2.0443464091254984,23.84192867930353,0.5,0.8632219314391666,0.8554432656545333
cancer,0.5837050121752616,0.5974125958371235,0.2416973924118931,12.0,25.235182874639936,655.0,7.79606900593932,15.26197488990205,1.0,0.8595160661016781,0.8575734711298092
cancer,0.532026250784324,0.5072696598249266,0.024881399698565884,3.0,1.0581307246815101,788.0,19.67068099822875,0.3974507396757246,0.5,0.8553137686565148,0.8426848972623621
cancer,0.7838566287960849,0.5128942118710753,0.004121171477263845,6.0,3.1954455565552955,2000.0,0.20114648268124444,0.03125,0.5,0.8621529168626243,0.8465870983476615
cancer,0.8713630295978391,0.5877241012935761,0.012248805825479285,6.0,32.0,2000.0,11.886921487611573,0.09850176984414963,0.9068669221880841,0.8582752268378121,0.848732546795927
cancer,0.8428591729917176,0.5,0.004993442491384285,3.0,32.0,1500.0,3.989536693740418,1.738705087273378,0.5,0.8506582136865795,0.8431383757087983
cancer,0.9140592490838253,0.9782671831135463,1.0,12.0,8.626386644121173,100.0,1.3249667078342469,0.06234234443830719,1.0,0.8219311232694917,0.8040515822205963
cancer,0.9312833784801431,0.6782917162802268,0.12784649974133577,12.0,1.0163912783999305,2000.0,0.24811844426123641,5.326663363757148,1.0,0.8330070532346969,0.8033465947198342
cancer,0.8472390147764645,0.9757156876065097,0.011074811161190528,3.0,32.0,100.0,0.34964935398240354,0.22428032364707526,0.7252283545513267,0.8500127977767148,0.839556277056277
cancer,0.6108718406982574,0.5474588026306213,0.025444808634598966,9.0,1.1754968310283014,616.0,0.5742903844847135,32.0,1.0,0.8599139689837413,0.8495899640265838
cancer,0.6176802743025575,0.7727209093041262,0.06499156808129324,12.0,32.0,382.0,1.631270431855876,1.4145454501869785,1.0,0.8575766413813793,0.8495328028778732
cancer,0.5601715673443586,0.7038200204231198,0.1730495809894628,12.0,10.535308442715353,100.0,0.042830858135744235,0.26764472489018104,0.5,0.8565752135937812,0.8476159990244498
cancer,1.0,0.5,0.014360685194757925,6.0,1.680679084412869,1137.0,0.2061741041324322,1.9312048063394436,0.5,0.8547045573205253,0.8328531796841656
cancer,0.865064998221871,0.7268565264021449,0.009121525925588807,12.0,1.0,1118.0,0.03125,8.63330171506225,0.7731639096279925,0.8589340565520113,0.843126943479056
cancer,0.5,0.5,0.8862030604935842,12.0,5.321371554142709,100.0,0.03125,32.0,1.0,0.8363511208774577,0.8210398756173405
cancer,1.0,0.6750556816851109,0.00390625,12.0,3.6390301605702153,2000.0,0.03125,32.0,0.5,0.8626664620373823,0.8540713980854826
cancer,0.5862708703725621,0.8869334229195147,0.012489415832958022,12.0,1.5975540127072654,636.0,0.559321087384326,7.679341211027264,0.9868359893782075,0.8590371201125473,0.8449103713188222
cancer,0.8706412145191547,0.8164723085003454,0.014466041244981518,3.0,2.998332426143837,1248.0,0.2953257592819527,1.1258703666776142,0.5611414116966006,0.8583546662459209,0.8489878665935003
cancer,0.8579255541567921,1.0,0.020257789062800888,12.0,32.0,617.0,2.4665526689654387,1.912280195515595,0.5015727337298672,0.8486545100879871,0.8459926224010731
cancer,0.7282551469580966,1.0,0.00390625,3.0,17.18635161868596,2000.0,0.09796358989812795,8.429421921893953,0.5,0.8618877772236908,0.8536293518687885
cancer,0.5599563031607273,0.6634650950309333,0.11359691990423579,8.0,1.408507559667377,816.0,32.0,9.78041114722974,1.0,0.8540330981954783,0.8408709834766173
cancer,0.5737885360588699,0.5,0.025038860582561107,3.0,1.0353333231353357,1463.0,0.12384359747883451,0.33314779126916805,0.8263026370731121,0.8420693752961889,0.8401926711785865
cancer,0.891236962793925,0.9804907458607344,0.03638067985530119,11.0,3.2775942191668177,100.0,0.03125,0.18402955098888918,1.0,0.8553193140312848,0.8342250472532162
cancer,0.8201389543660988,0.9756000670455242,0.00390625,7.0,32.0,2000.0,32.0,32.0,0.7723323770094275,0.8480993796703228,0.8343393695506373
cancer,0.8198591451043595,0.9144517446938794,0.02736082414205617,4.0,1.2811600696440775,2000.0,32.0,1.3659391955126865,0.5,0.8542775519197537,0.8397277605024085
cancer,0.9112401433582973,0.6522883761952065,0.00390625,3.0,6.606765241473227,1384.0,0.8834541834545091,0.9070454001573846,0.9711868520727441,0.8677894631572689,0.8580879214682031
cancer,0.6966619939500928,0.7736882637401695,0.00390625,12.0,4.766147794325398,100.0,0.03125,1.024933892321426,0.979855852874071,0.8557586560327012,0.8384511615145419
cancer,0.8759686032707363,0.8592042866747978,0.007242931493690114,3.0,1.1129622629600049,2000.0,1.1088673617929723,0.11094523307191487,0.8687927946320037,0.8585348937414296,0.8523184561916957
cancer,0.8612142020647222,0.7498769492022425,1.0,12.0,28.114064438578094,2000.0,32.0,0.08119038588290917,1.0,0.850980656000717,0.8280478324492409
cancer,0.9107766250358225,0.6438294831433473,0.006612366762069349,7.0,2.662552778296503,1243.0,3.0410033916164863,1.0888731858024931,1.0,0.8613665300143973,0.8460154868605574
cancer,0.871490144030993,1.0,0.00390625,12.0,1.2968097656916076,945.0,0.03125,0.03125,0.5,0.86099232476886,0.8429897567221512
cancer,0.5993308004579437,0.7242968067116838,0.00390625,3.0,2.0831369753528586,761.0,0.30763982404222506,0.8933918644666969,1.0,0.8651338812713188,0.8548068715322236
cancer,0.5,0.9938967193937446,0.04315899425888627,3.0,27.608326532722586,2000.0,1.9888302574850214,1.4027448307530126,0.5,0.853361991568868,0.8411720321931591
cancer,1.0,0.5,0.00390625,12.0,32.0,1268.0,0.36814841046783625,32.0,0.8466098405878999,0.8579524948105022,0.8430659715870983
cancer,0.7741734582053306,0.6926056230577726,0.24612075925343463,12.0,7.303805869496698,100.0,32.0,0.04967737600953196,0.6929687184855049,0.8497869101901555,0.8354216206328883
cancer,0.8049354663784032,0.9551657871057091,0.00390625,3.0,3.133973493544516,1242.0,0.3087405130920133,15.536904904915042,0.8081519988240433,0.8645620584196898,0.8568456191695628
cancer,0.687226466593569,0.7441163938741324,0.04905236224642044,12.0,25.035965353180142,532.0,0.034662315958975745,0.732501955799396,0.5941315662926896,0.8609309021977882,0.8483095542954698
cancer,0.8442521360727041,0.5464066766161839,0.08104125127325994,11.0,1.3844052090116714,1960.0,29.138920521717882,17.123688114235197,0.9639979865691986,0.8543857996286267,0.8424829278702519
cancer,0.7192567894330243,1.0,0.009442341506327103,12.0,21.985178224121615,2000.0,0.2938332047949929,0.34739947927507925,0.5,0.8614254862226043,0.8458097067251996
cancer,0.850643076826239,0.5112288110239396,0.07713169567802292,11.0,16.99050496133094,272.0,0.6335523555684723,0.329099877637801,0.5513368999157984,0.8596581446509433,0.8511066398390342
cancer,0.9138131244031131,0.5,0.02910557028300626,12.0,6.4788849756730915,2000.0,3.115540473420626,5.7286057419624195,0.5,0.8568384927617319,0.8402002926650814
cancer,0.7576728723967938,0.5077647481840061,0.02077208755167062,12.0,18.12152772259498,108.0,27.84467147160124,0.11756025332922425,0.7750203877202524,0.8506256810652706,0.8324111334674715
cancer,0.5935600999802678,0.5,0.5646691756863939,3.0,1.212209480538831,100.0,32.0,5.6939752016072145,1.0,0.8545916480169092,0.8351624900920676
cancer,0.8357369669464649,0.5,0.048659320953631194,12.0,3.974372948920874,100.0,0.15957387453407648,30.9601662955161,0.8029333379221503,0.8584671529455805,0.8455315224681421
cancer,0.7463781970366768,0.6871904669211972,0.7592720403401148,5.0,30.62038707391294,1952.0,29.13418868344659,4.945070545250209,0.5483872516196213,0.8496746033998418,0.8375899335406378
cancer,0.627633550426052,0.8300354650198687,0.006504531196257296,3.0,4.646164412329508,1132.0,0.6152811734954575,28.72627460486772,1.0,0.8659455455234276,0.8570666422779099
cancer,0.5055435501502133,0.6630728865412812,0.012683485515211809,12.0,19.187424402343694,100.0,0.03125,1.4777306384913327,0.7626520602475347,0.8556641155014623,0.8490869459179318
cancer,0.8648884540708015,0.5,0.44412924503981865,3.0,1.725413361163982,2000.0,32.0,1.1338442055468672,1.0,0.8509063782170833,0.8374336930674958
cancer,0.599516017505125,0.5,0.028019131642039032,3.0,14.9797931566523,100.0,4.686727794554768,19.32216837775079,1.0,0.8519641750658147,0.8414121090177429
cancer,0.7484163275962109,1.0,0.022528941034980574,12.0,1.0,718.0,0.06384150181007925,1.9043760859303545,0.5,0.8529598263275113,0.8309401865739894
cancer,0.508536360483533,0.819025021373985,0.00390625,3.0,1.0,1160.0,0.03125,0.45751203226969295,1.0,0.8695059768193424,0.8618224498506188
cancer,0.9726945345261149,0.6514028534018863,0.00390625,3.0,2.811648761013889,1249.0,0.03125,0.0626921039124684,0.7799102588757287,0.8687165548807405,0.8622035241753552
cancer,0.9765913156557966,0.6643053067709138,0.00430889019526808,3.0,17.199849256202832,1852.0,0.08244443692209524,0.24877658097856398,0.9962450574163877,0.8647353130906883,0.8612889457959881
cancer,0.7721943981139987,0.8578572908054805,0.00390625,3.0,32.0,978.0,0.03125,0.03125,1.0,0.8617809561199135,0.8540675873422352
cancer,0.6498683210296871,0.5575156715164212,0.004086021567309334,6.0,1.1643070227412304,310.0,0.05467882816779439,0.5759459624521505,0.6744393318251427,0.8575546941304617,0.8532863849765259
cancer,0.9633698291048308,0.6940116773641297,0.00390625,3.0,1.0,1899.0,0.03125,0.10131493224639143,0.817712789289621,0.8649520326208586,0.8640326809340895
cancer,0.7146425994203731,0.9609374878710805,0.017026836677766007,3.0,1.0,1311.0,32.0,0.05397056610867636,1.0,0.8547558635806272,0.8359093957685506
cancer,0.5802241505429017,0.5197254893868226,0.010142206670268628,12.0,1.6649129433046084,1789.0,29.54898069631381,26.410263452814327,0.9796865919889693,0.8556208722207806,0.8409243338820803
cancer,0.5125491150322519,0.5569055364996682,0.08814144138480112,12.0,32.0,2000.0,0.03125,5.675484584550201,0.5,0.8431251548515497,0.8411301140174379
cancer,0.5063066062353008,0.6730506119419215,0.20266408053869173,12.0,1.0,2000.0,32.0,0.032628286342006714,0.5,0.8533934334721704,0.8412444363148588
cancer,0.514309522603706,0.8048897867991778,0.005398260944050255,12.0,29.21603122568769,1594.0,0.6443618961367542,1.7218009739830196,0.8382673412763395,0.8613129125245285,0.8527528809218952
cancer,0.9236773679325219,0.5,0.00390625,3.0,1.0,1237.0,0.03125,32.0,1.0,0.8585020297378042,0.8491555392963844
cancer,0.8581973367570602,0.733163413814544,0.00390625,3.0,21.322735959476777,1312.0,0.03125,9.178228723859903,0.5,0.8600463816992722,0.8493232119992682
cancer,0.7475121533614795,0.867502291693929,0.00390625,3.0,1.0,1334.0,0.20453800488648918,0.03125,1.0,0.8673696651107182,0.861677641607219
cancer,0.5639475865368592,0.851498655707554,0.003966114451820657,12.0,1.598958037480193,1777.0,11.069325352585231,25.121610638585906,0.5213691742583686,0.8585879943086706,0.8498414730809096
cancer,0.5971545495511914,0.5,0.08393691963738989,12.0,1.0,100.0,5.509073380086989,0.08221814632853969,0.5,0.8596276439635149,0.8570056703859521
cancer,0.6674581405091711,0.5,0.0795879449601509,12.0,32.0,1188.0,32.0,11.729653456185376,1.0,0.8533369253261907,0.8286537406255716
cancer,0.9596175075024511,0.6736393421927963,0.004756959853025168,10.0,1.267619412566694,1009.0,25.790318697061643,0.03738135766381849,0.9964637426324541,0.854272051311159,0.8421856898969575
cancer,0.9652415394445346,0.5134585593154621,0.0040545152455988154,4.0,3.927010918727885,1937.0,4.847907272739639,3.15984694981353,0.9461705239415104,0.8643610290116349,0.8565941101152368
cancer,0.7417888720165191,0.5039285623447652,0.9189792821832906,11.0,1.9802709706428745,505.0,10.521924603646967,0.272325196455184,0.5057386367851248,0.8425377865936173,0.8571047497103834
cancer,0.5,0.7499244598828875,0.00390625,3.0,1.0,1269.0,0.2122820191528876,2.58938940722062,0.8482548793371707,0.8673602107197365,0.861067922687641
cancer,0.9532349752732456,0.7739070285993397,0.00390625,3.0,1.0,1436.0,0.03125,0.03125,0.5,0.8672378014143183,0.8654769526248399
cancer,0.6329579254190656,0.8218052785577115,0.00390625,3.0,1.0,928.0,0.03125,0.03125,0.8002753656150194,0.8685576653656885,0.8622035241753552
cancer,0.8417973637003389,0.5,0.040760566011645266,12.0,1.0,100.0,32.0,0.03125,1.0,0.8546553891380029,0.8381844094872264
cancer,0.5656650430466329,0.9472971506218322,0.003938891108912554,11.0,1.1265012490286934,1851.0,0.15830518272815503,7.5604229594149,0.5012379601623306,0.8644174439651368,0.8513581488933601
cancer,0.9317012033964309,0.7735647284596954,0.00390625,3.0,1.0,2000.0,0.3545090283034474,0.03125,0.5,0.8647158721824901,0.863072373635754
cancer,0.5167239450469355,0.7587599921509418,0.00390625,7.0,1.0,1244.0,0.03867646209012276,2.015384608595253,0.7603168016752148,0.8617080981842165,0.8499100664593623
cancer,0.9299178162265433,0.5000876813109353,0.004324274570903785,11.0,25.576417029639554,1966.0,0.30805358305673636,10.193885907678283,0.9777542979083957,0.8633978236543796,0.855031705383818
cancer,0.8141274893012229,0.9815204730276199,0.24119180592032638,10.0,2.485992998168674,1966.0,24.424109516000673,0.2435149235758714,0.9505526294961529,0.8586594723762854,0.8497576367294677
cancer,0.6091863915517258,0.989929762111267,0.0041472353053259425,9.0,1.5502772248858978,828.0,23.31587640920775,21.245571730114175,0.5118043842239011,0.8532657409134238,0.840143131516371
cancer,0.921207607795868,1.0,0.00390625,5.0,1.0,100.0,0.574982615511562,1.9577694437138249,0.5805291809744548,0.8545410177542088,0.8385921590146943
cancer,1.0,0.7703986738625913,0.00390625,3.0,1.0,1304.0,0.6227989823371983,2.23497594664162,1.0,0.8675602670969624,0.8572914761295043
cancer,0.6807549235267671,0.5390458914023233,0.08386710968695034,6.0,1.0514132920625123,102.0,0.032259121617139466,7.205662669748446,0.963121860194065,0.859439408672047,0.8508627522712029
alzheimer,0.705051979426657,0.8638628715886625,0.6891758203498262,6.0,10.201714603067373,887.0,0.3558431449687549,5.259925413008049,0.6522316555182531,0.8252072202922621,0.7925438596491228
alzheimer,0.9186941777766422,0.9416576386904312,0.021010887006349066,12.0,19.982145328166585,218.0,0.0815079946852985,0.36245504530728717,0.8178645509395852,0.8699605343088661,0.8665759225650334
alzheimer,0.7224162561505759,0.9593612608346885,0.006986924511363313,7.0,1.9182302909171245,962.0,0.09178998355472624,5.718058236489523,0.7786702115169006,0.8651343077937395,0.8624924379915306
alzheimer,0.9061979941786817,0.5859357806982803,0.10764674639782455,10.0,6.127343113259059,281.0,5.888929198432002,13.235158188303906,0.9559644307534418,0.8641009163940409,0.8563823351482154
alzheimer,0.8997767208035865,0.7190145932204617,0.07244158371611711,9.0,22.93152447460037,1462.0,0.5912256328375682,2.834002473589872,0.6765419227639857,0.8106217882251062,0.8068058076225044
alzheimer,0.8670140089927842,0.9696848688013859,0.009677549043510406,5.0,16.027929425552664,808.0,0.7527512696914924,1.2724876030526848,0.8926419685712479,0.8695254253154608,0.8635208711433757
alzheimer,0.8085396792511581,0.8876821894139413,0.02860048565552559,11.0,7.797968767915457,1230.0,2.804561261753206,0.5827002599921443,0.866941242634403,0.8624469622175409,0.8512250453720508
alzheimer,0.7717015338451563,0.9600046132186582,0.06128737094366755,11.0,3.074389408695179,197.0,1.6332866652282896,0.037369649706000894,0.6928647954923324,0.8599598741083663,0.8574107683000605
alzheimer,0.9777389931549642,0.8503107223106829,0.4908028146563286,7.0,3.745929698086832,502.0,0.031263226910018344,0.40806047345014634,0.7971894567956928,0.8397804581992545,0.8037658802177859
alzheimer,0.5018151536273716,0.9089150098318758,0.23820274685078732,5.0,7.42979127199257,622.0,0.2732688767549949,0.0899923307256767,0.9469190305262598,0.847071739330054,0.8245311554748941
alzheimer,1.0,0.5,0.00390625,9.0,2.36537545116629,1141.0,0.3243840309385781,2.802947475062173,1.0,0.8644903676635358,0.8629159104658197
alzheimer,1.0,1.0,0.00390625,12.0,1.0,2000.0,0.09804850491059101,0.31698871225812225,1.0,0.8586728350171239,0.8623714458560193
alzheimer,0.5,0.5,1.0,7.0,10.854169717253138,1434.0,29.22150858550117,6.1765178921417645,1.0,0.8580967061915636,0.8531079854809437
alzheimer,1.0,1.0,0.00390625,11.0,23.866455487296104,153.0,7.1070246077342185,0.03125,0.8158638559770353,0.8263771262980313,0.8295069570477922
alzheimer,0.8527914734947504,0.5,0.008242442145115925,12.0,1.0339757068971764,943.0,5.603673633460816,24.001777228274946,0.7702770497592017,0.8702210018380608,0.8524047186932849
alzheimer,0.9729079780480059,0.5656082028376458,0.00390625,9.0,23.84972369534607,1788.0,32.0,0.5513542733177011,0.9702122992952165,0.8627733654563885,0.858832425892317
alzheimer,0.9973561185871345,0.9217565771909404,0.009644496268706242,12.0,29.14418158775983,100.0,0.44107552560688756,0.03125,0.9468384953396097,0.8473578306816956,0.8493194192377495
alzheimer,0.7873827880730169,0.5,0.06566344734041592,6.0,21.72857680076241,100.0,0.8060100239375049,32.0,0.5752333098850614,0.832215477602,0.845795523290986
alzheimer,0.8254639960151037,0.5,0.013976043940446025,11.0,16.430687138429146,909.0,32.0,32.0,0.955467931706631,0.8637716584303583,0.8564125831820931
alzheimer,0.8455068008141667,0.5753798349197854,0.00390625,5.0,29.051638166137337,100.0,1.4955220645077834,32.0,0.8267324784576331,0.8207677740831871,0.8228977616454931
alzheimer,0.9310127238630967,0.6177889924223896,0.00533893720618579,12.0,1.6915831882538148,876.0,1.789991681856279,14.300978743635307,0.8560512619215623,0.8691160708440936,0.8553841500302481
alzheimer,0.5,0.5,0.6030267609119611,12.0,1.6415447827405327,1971.0,0.03537802204779401,0.04955131312405989,0.9906803881441757,0.8395846791481425,0.8083030852994555
alzheimer,0.6562538721187378,1.0,0.2252780739869328,12.0,2.4997354298222176,1489.0,2.069999916302233,1.2475909190297458,0.878415281134128,0.8582997982757931,0.8527223230490018
alzheimer,0.9955184028175419,0.8013389888849376,0.00390625,11.0,14.997317468646578,1531.0,0.03125,0.03358765455852593,0.8799441098233454,0.8682308011795582,0.8636569872958257
alzheimer,0.560512460702124,0.7735592149635799,0.00390625,4.0,1.0,720.0,0.42473841579705995,0.1932030230986729,0.71895537356006,0.8685344029251686,0.8632486388384755
alzheimer,0.9709837417363006,0.7815649974908065,0.00390625,10.0,1.598987225380058,1062.0,1.3629140755688665,0.22679810361493066,0.7562765444399361,0.8650973488537422,0.8641258318209316
alzheimer,0.9827471340366222,0.6384015837720018,0.00390625,5.0,1.0,1902.0,7.8451940510455325,1.8989225958518434,0.9323253972580954,0.868175935278456,0.8593466424682397
alzheimer,0.9910544507537336,0.8295739976911074,0.00390625,10.0,2.5528391138516295,401.0,14.919212017693724,17.547116082900363,1.0,0.854739812860527,0.8478750756200847
alzheimer,0.5617582045889934,1.0,0.041709408845702255,8.0,1.5289405955036617,100.0,9.268881089233483,0.03199084774199659,0.9569065382974951,0.8665442290768386,0.855989110707804
alzheimer,0.94446752433619,0.838085105040386,0.011817462756829685,6.0,9.932189405791265,1357.0,0.24132046776115762,0.1529905159932405,0.8777061131586787,0.867466599551868,0.8550665456745312
alzheimer,0.9029780799021896,1.0,0.02544842531766494,3.0,7.172460443467106,170.0,0.6109618312575888,0.07773092006111185,0.8709402884456026,0.8692364596899,0.8644434361766484
alzheimer,1.0,0.8640920170502292,0.02490922957044977,12.0,8.082017514851524,487.0,32.0,0.03125,0.8031732781359473,0.8629196735950856,0.8555732002419842
alzheimer,0.7682731115594794,0.5,0.00420491431430364,6.0,1.0,1640.0,32.0,3.4802624500326607,0.6526665539231467,0.8483011756484096,0.8384301270417424
alzheimer,0.9261628060509121,1.0,0.0629305851383672,6.0,3.8338470145571004,100.0,0.0415079558543247,25.495678107884522,0.8175113572681876,0.8620683489603127,0.8642921960072596
alzheimer,0.6165028916263886,0.5,0.041246248608652065,8.0,1.0,1298.0,32.0,12.710265485984884,1.0,0.8607343228074361,0.854930429522081
alzheimer,0.5257974521164476,1.0,0.00390625,7.0,11.2676631621069,852.0,0.12534549477325205,22.359418428308675,1.0,0.8662808269508366,0.8666817906836057
alzheimer,0.5745930783615834,1.0,0.017375348665352838,8.0,19.04724822022669,972.0,0.03125,0.9374540209389772,1.0,0.866760943521467,0.8581367211131277
alzheimer,0.8036436474257096,0.5,0.021712283303362605,10.0,1.0,100.0,0.03125,17.993654971959657,0.5,0.8666470438545163,0.8517695099818512
alzheimer,0.7334407455998204,1.0,0.018152153312997226,9.0,1.0,100.0,32.0,0.0315450184980503,0.7321450055528642,0.8490284054895616,0.8356548699334543
alzheimer,0.6418573268613564,1.0,0.03413180380283603,6.0,4.735615491841776,613.0,0.03125,0.28012439979131565,1.0,0.8590564841184356,0.8555958862673926
alzheimer,0.7133014816404823,1.0,0.5275680106894127,6.0,1.0,100.0,32.0,0.9782158061221975,1.0,0.8536904962183135,0.8507108287961285
alzheimer,0.6269672780499188,0.5,0.00390625,11.0,1.0,100.0,0.03125,5.899540711166158,0.5,0.8659735890755696,0.8497882637628555
alzheimer,0.5214200377664765,1.0,0.007033046957374236,10.0,4.145828442306024,1524.0,32.0,0.0672298546484757,1.0,0.8613386218632936,0.8544918330308531
alzheimer,0.5599467284170235,1.0,0.00390625,4.0,32.0,2000.0,0.03125,2.942096963435954,1.0,0.8425116194170886,0.861826981246219
alzheimer,0.5553783620930848,0.5192412105151835,0.02360571996556971,10.0,13.82789552071691,100.0,0.03125,15.53727088528699,0.9396359308151064,0.8707922070871351,0.8606775559588626
alzheimer,0.5937238325830907,0.6842333212832235,0.07851874935750569,8.0,1.0,1300.0,0.03125,0.472743719183114,0.5,0.8507680868685339,0.8354960677555958
alzheimer,0.8715101635287767,1.0,0.06150990445597617,11.0,32.0,100.0,0.03125,0.1220450921065478,0.9185286458473079,0.8314487502326342,0.8622353297035693
alzheimer,0.6309826508679358,0.5,0.0074546726104497,6.0,1.0,961.0,2.1734897427509066,4.00978268079605,1.0,0.8671412469366585,0.8591954022988506
alzheimer,0.6414054074523047,0.6622242221595039,0.00390625,9.0,9.696974302535498,2000.0,2.1120174944804706,19.828698982576086,0.9490549530777975,0.8670591944034658,0.8649274047186933
alzheimer,0.8389542247652793,1.0,0.014253240882764535,11.0,12.201166399808145,164.0,0.03125,1.3138899348309472,0.8029382268379759,0.8663683085439775,0.8619026013309135
alzheimer,0.9437619904332832,0.5353517004087536,0.09234229836479615,3.0,2.5690052959580574,100.0,32.0,32.0,1.0,0.8632280028677947,0.8515350877192982
alzheimer,0.870457926027189,0.6761294882757919,0.007789646920810105,9.0,1.0,100.0,0.03125,14.024276874818725,0.7383253082750807,0.8587167757728983,0.8490774349667272
alzheimer,0.8765445479593974,0.6378244909411452,0.00390625,5.0,12.442910673373175,2000.0,32.0,0.18509187115330814,0.6173118568161486,0.8476975758912204,0.8427102238354507
alzheimer,0.9115085593947831,0.9651843511386715,0.00390625,8.0,7.3250550278659485,2000.0,0.03125,0.032254861253915613,1.0,0.8635036650623013,0.8655172413793103
alzheimer,0.8224206442530245,0.5641940998681341,0.012120860890183974,10.0,1.0,1999.0,32.0,0.22795880360454182,0.8969676983758254,0.8602106709848918,0.8515426497277678
alzheimer,0.5533295184081601,0.540636041811971,1.0,7.0,1.0,100.0,32.0,0.08752398221938369,0.5,0.8384769827965826,0.8373336358136722
alzheimer,0.5674250413154228,0.5372694923438599,0.09499124932888182,11.0,1.0,100.0,0.03125,0.30712030261889484,0.891617501995706,0.8608672051936667,0.8459165154264973
alzheimer,0.8542340555784793,0.5,0.00390625,10.0,1.0,1105.0,32.0,0.11984615024467457,0.90569083683873,0.8561601420760413,0.8511040532365397
alzheimer,0.915266490580473,0.5653318486742552,0.010403408903458845,8.0,1.0,2000.0,0.22470711750165884,1.5836847665420846,0.5,0.8631385116288006,0.8470810647307925
alzheimer,0.8612206557114592,0.8621593558658478,0.018348240569532194,8.0,12.909117993750513,100.0,0.540462707082395,0.6008203731795487,1.0,0.8655374020898083,0.8587719298245613
alzheimer,0.5546191103810841,0.559527940279127,0.00390625,7.0,6.407875313092422,1407.0,0.03125,11.032267009728246,0.5,0.8697054589756326,0.8606926799758016
alzheimer,0.8705460028651647,0.6368295309177692,0.20029341238877793,11.0,1.0,2000.0,32.0,0.18882308317417035,1.0,0.85882732249264,0.8536448880822747
alzheimer,0.7485999648110253,0.5,0.01968325393814928,12.0,3.3688858423412205,728.0,2.5502099210656284,32.0,1.0,0.8691999274784832,0.8588475499092559
alzheimer,0.5,0.5,0.009267365520563632,11.0,4.465656662074124,100.0,0.03125,32.0,0.5,0.8654301904438266,0.8548094373865699
alzheimer,0.9586457841459464,0.5,0.008815693543247266,12.0,9.85042930373296,789.0,0.03125,3.8530890269387412,1.0,0.865565799648027,0.8660768300060495
alzheimer,0.6457322843600434,0.5096734589853554,0.011861035860330396,4.0,2.651056048330061,812.0,0.7338856920045593,0.0527048108774628,0.5,0.8690632492186511,0.8570326678765882
alzheimer,0.7744197906862944,0.6460440620912081,0.007446456443353951,6.0,1.0,697.0,0.4327026928554656,32.0,0.5,0.8702738502736761,0.8545825771324864
alzheimer,0.5494981272429195,0.6066173926273933,0.009003498320008718,8.0,12.813733957885026,1075.0,0.03125,8.849301441427063,0.5,0.8693548355385816,0.8615849969751966
alzheimer,0.5876441488456727,0.6088578410139159,1.0,7.0,2.1743425840204864,2000.0,32.0,0.07138941360469465,1.0,0.8524512004589901,0.8462265577737447
alzheimer,0.8312726402366188,0.9880900048036654,0.033926954118823606,11.0,1.0,2000.0,0.5579531923423005,0.03325902262057583,1.0,0.8605897165561529,0.8636721113127647
alzheimer,0.9103394471906268,0.6466467663178036,0.11586090608619823,7.0,1.6880809471115161,100.0,0.9921346760208095,0.4448599988283269,1.0,0.8607722491478276,0.8585148215366
alzheimer,0.8470769414571953,0.6231051625130773,1.0,10.0,32.0,100.0,32.0,19.47719866087375,1.0,0.8365319500177953,0.8518224440411375
alzheimer,0.5,0.5482752251389718,0.09097054889431812,12.0,3.8202451323579028,2000.0,32.0,32.0,1.0,0.8627296436503569,0.8531684815486993
alzheimer,0.6809424058615109,1.0,0.5673259905985772,12.0,4.814729284854287,100.0,32.0,22.267677979749433,1.0,0.857770720186027,0.855550514216576
alzheimer,0.9952667333296239,0.9727997211129673,0.00390625,8.0,2.1447559312407565,2000.0,0.03125,4.364728009877445,0.5,0.8651763494956224,0.8599516031457956
alzheimer,0.5,0.5623769713460435,0.009194869170258158,12.0,8.551141155677701,1241.0,1.877854820915981,0.05424786004160356,1.0,0.8658089813184484,0.8614337568058077
alzheimer,0.8879236563943232,0.8313826577112742,0.009193332218558427,8.0,1.8842686908504847,2000.0,2.414548744435106,32.0,1.0,0.8653259044579285,0.8568058076225046
alzheimer,0.8183415287700129,0.9382318317287529,0.012806321522302442,8.0,16.36401577903253,2000.0,32.0,0.8911636741464457,1.0,0.8606477030496347,0.8593844525105869
alzheimer,0.5,0.5,0.016760518643962354,8.0,1.0,891.0,0.6764776877635592,27.262245398917187,0.7138767393087855,0.8692376560938516,0.8545523290986087
alzheimer,0.5,0.7636501339196284,0.008799824234044913,3.0,5.671294630532747,1150.0,0.03125,0.06671577709809046,0.5,0.8702699214663019,0.8594222625529341
alzheimer,0.8553078258302134,1.0,0.04204631372842,3.0,7.259278965199006,100.0,32.0,0.14674668648363987,1.0,0.8617912814659265,0.8542120387174835
alzheimer,0.6344383711105174,0.5741466174825725,0.1251153565420927,3.0,1.0309532299606374,1517.0,26.425392259793924,0.1348249176693294,0.5030586535323852,0.8614558633065478,0.8495160314579554
alzheimer,0.5,1.0,0.18488798095850112,10.0,3.5673230981328206,1047.0,32.0,0.3687425241854949,1.0,0.8633862214256622,0.8544162129461587
alzheimer,1.0,1.0,0.005866322434723746,12.0,8.202859671050556,1222.0,0.11771568565631929,12.000677738172582,0.6740054214195098,0.8654391729687327,0.8637023593466425
alzheimer,0.994564729963651,0.9194906447666282,0.8162945400077541,11.0,1.0,110.0,0.0615542650989956,0.32268493191905867,0.9849759673667015,0.83952851295367,0.8437991530550514
alzheimer,0.6610590283971352,0.7347704411233876,0.04476852467972614,4.0,2.3400612728869112,1903.0,4.145777679901739,15.279813815148598,0.5016211683545456,0.8684768537726268,0.8482909860859045
alzheimer,0.8604455293207307,0.7545430993172257,0.014461900722435507,12.0,3.4290224275049668,1949.0,0.08940929390254164,11.192605201284488,0.5116965219377162,0.8644427315723071,0.850453720508167
alzheimer,1.0,0.8278274876825942,0.023741002632940728,12.0,1.5399542607958376,1175.0,1.5205720014605573,7.582997475236132,0.5,0.8646876145715969,0.8469147005444646
alzheimer,0.5,0.8082203668645338,0.024407802450015923,11.0,8.709849180436604,100.0,0.03125,5.109497319728882,0.5,0.8676510390170676,0.8610556563823352
alzheimer,0.5673513259783991,0.9322756464237405,0.18501468184058695,10.0,3.0671729021861487,2000.0,32.0,32.0,0.5,0.8569525519151064,0.8397988505747126
alzheimer,0.5,0.5,0.03491352551801736,3.0,2.4850612806989645,1302.0,6.8582077503487975,32.0,1.0,0.8700860695907181,0.8628856624319419
alzheimer,0.5025255999587447,0.7229901272797937,0.03748428027029259,5.0,2.815804621902845,1999.0,29.39232080000642,10.81910774164752,0.5330147980930592,0.8588674640235411,0.8424228675136116
alzheimer,0.7214342684068861,0.7096033622228609,0.00390625,3.0,10.124729252136211,2000.0,0.03125,7.274353991482136,0.5,0.8717575542688163,0.8636569872958257
alzheimer,0.5,0.5,0.023678251303604434,8.0,1.0,100.0,0.5683961228504268,0.6153808787117382,1.0,0.8642221832729993,0.8592105263157894
alzheimer,0.8913596516959155,0.5591008813131652,0.005566486305274291,8.0,1.4960821374482483,106.0,0.5061626426904077,1.4162771058238686,0.5328619348931574,0.869961316272233,0.8555656382335148
alzheimer,0.5824417900706553,0.7855373242268711,0.003975159238829962,9.0,2.459538477097135,207.0,0.056429857454588124,0.09184910216308406,0.5172335181796472,0.8635315655152368,0.863475499092559
alzheimer,0.6638753892294644,0.9966270902826511,0.01043180102916682,9.0,7.364249570229373,1997.0,0.043554405042173935,6.252144919127219,0.5205434696359209,0.8662810157391352,0.8517543859649124
alzheimer,0.5,0.5,0.013843950998575211,3.0,1.6605733235213296,100.0,0.2654982728194351,32.0,0.5,0.8685556008349582,0.8529340592861464
alzheimer,0.5,0.5,0.00390625,3.0,3.8105352741569836,2000.0,0.38640808722322995,0.03125,0.5,0.8701570875037115,0.8594222625529342
alzheimer,0.5,0.5,0.00390625,3.0,6.424726903366739,2000.0,0.03125,0.03125,0.5,0.870802171534612,0.8595886267392621
