dataset,colsample_bylevel,colsample_bytree,learning_rate,max_depth,min_child_weight,n_estimators,reg_alpha,reg_lambda,subsample,cv_roc_auc,test_roc_auc,star_test_roc_auc,diff_from_star
heart,0.8333333333333333,0.6666666666666666,0.09287464307105926,10.0,28.395417264496608,1144.0,26.789388470197363,0.7659831786679867,0.8333333333333333,0.7674504563796759,0.8064078197121912,0.8035956712307513,-0.0028121484814399578
heart,0.8888888888888888,0.7222222222222222,0.20508383900190938,10.0,15.622108075491552,230.0,1.3055116977098091,0.03732821303899783,0.8888888888888888,0.7529679636757677,0.7578837128117606,0.8035956712307513,0.04571195841899067
heart,0.7777777777777778,0.5555555555555556,0.03755909528827044,3.0,3.723222215679941,1437.0,1.3055116977098091,2.225062952192973,0.5,0.7644828250998851,0.7552073232225283,0.8035956712307513,0.048388348008223
heart,1.0,0.6111111111111112,0.5071231934836635,9.0,9.685738607693846,931.0,0.044588655637913845,18.77536736007401,0.6111111111111112,0.7219820107297421,0.7004770955354719,0.8035956712307513,0.10311857569527938
heart,0.8333333333333333,0.7222222222222222,0.009659220269068186,9.0,7.6265706475730735,487.0,2.225062952192973,0.31498026247371824,0.5555555555555556,0.7800569061912075,0.7908149412357939,0.8035956712307513,0.012780729994957385
heart,1.0,0.9444444444444444,0.06613843200451852,7.0,1.126942411232332,1463.0,3.7923100573566844,0.0907764285071453,0.8888888888888888,0.7661694022855546,0.7674644117761141,0.8035956712307513,0.03613125945463713
heart,0.6111111111111112,0.5,0.20508383900190938,4.0,2.3084053051719735,1511.0,0.03732821303899783,0.07599515647546923,0.7777777777777778,0.7474947315237697,0.7069547341065126,0.8035956712307513,0.09664093712423871
heart,1.0,0.6666666666666666,0.09287464307105926,4.0,19.840064730601398,1679.0,11.016075609554143,0.15471578566317848,0.6666666666666666,0.7690346556045287,0.7951592257864318,0.8035956712307513,0.00843644544431943
heart,0.8888888888888888,0.8333333333333333,0.3224946067247292,7.0,6.005177529385341,1872.0,0.6412569042179157,1.8627523686544305,1.0,0.757649428611316,0.7387611031379698,0.8035956712307513,0.06483456809278143
heart,0.9444444444444444,0.9444444444444444,0.09287464307105926,3.0,17.605216143126537,1962.0,0.12952316514383383,1.8627523686544305,0.5,0.7161843601045053,0.7207245646018385,0.8035956712307513,0.08287110662891273
heart,0.8888888888888888,0.8888888888888888,0.012112605663927412,5.0,6.767489244843735,491.0,13.158733350628646,13.158733350628646,0.5,0.7838468851173025,0.7955858965905124,0.8035956712307513,0.008009774640238887
heart,0.7222222222222222,1.0,0.28798820549062376,11.0,25.196866300777266,234.0,0.12952316514383383,0.10843269959149042,0.5555555555555556,0.7051315290879718,0.7274931150847522,0.8035956712307513,0.07610255614599903
heart,0.5,0.8333333333333333,0.047098885587850976,10.0,1.6128979635153649,198.0,32.0,1.3055116977098091,0.6111111111111112,0.7336417967996915,0.7894961405686357,0.8035956712307513,0.014099530662115556
heart,0.5,0.6111111111111112,0.22965673851761886,5.0,1.0,1128.0,2.6578439649485035,0.31498026247371824,0.8333333333333333,0.7683957905373513,0.7530739692021257,0.8035956712307513,0.050521702028625604
heart,0.9444444444444444,1.0,0.40440634866864145,5.0,2.048379120497995,1364.0,7.720626645353454,0.05326127477678591,0.7222222222222222,0.7736729090631088,0.7608704084403242,0.8035956712307513,0.0427252627904271
heart,0.8333333333333333,0.8333333333333333,0.567886086046074,6.0,4.195857021292138,1283.0,0.0907764285071453,1.3055116977098091,0.5555555555555556,0.7170731869461453,0.7024552965362089,0.8035956712307513,0.1011403746945424
heart,1.0,0.9444444444444444,0.0068785802223072495,6.0,32.0,1454.0,3.7923100573566844,2.225062952192973,0.8333333333333333,0.7465361015270272,0.7950040727667662,0.8035956712307513,0.00859159846398505
heart,0.5,0.5,0.07406305956992351,11.0,9.685738607693846,1072.0,0.044588655637913845,26.789388470197363,0.7777777777777778,0.7617106426543814,0.7593188782436678,0.8035956712307513,0.044276792987083424
heart,0.8888888888888888,0.9444444444444444,0.22965673851761886,3.0,8.594705915009728,1357.0,1.8627523686544305,0.37624481090234907,0.7777777777777778,0.7537670436037043,0.7234009541910709,0.8035956712307513,0.0801947170396804
heart,0.8888888888888888,0.9444444444444444,0.8930016176563254,3.0,19.840064730601398,663.0,0.2207542044379121,26.789388470197363,0.5555555555555556,0.6995000764510747,0.7026492378107909,0.8035956712307513,0.10094643341996035
heart,0.6111111111111112,0.5,0.22965673851761886,3.0,15.622108075491552,1204.0,0.03732821303899783,0.03732821303899783,0.7777777777777778,0.7217932098149884,0.7109887126178192,0.8035956712307513,0.09260695861293211
heart,0.8333333333333333,0.7222222222222222,0.13041886637087732,3.0,1.0,1526.0,0.03732821303899783,2.6578439649485035,0.7777777777777778,0.7579558977018143,0.7508824327993485,0.8035956712307513,0.05271323843140274
heart,0.8333333333333333,0.6666666666666666,0.012112605663927412,10.0,22.358610386509486,500.0,22.427229206473235,1.8627523686544305,0.7222222222222222,0.772163498933009,0.7978162212482061,0.8035956712307513,0.005779449982545204
heart,0.6666666666666666,0.5555555555555556,0.0068785802223072495,8.0,3.30382651195861,1634.0,0.4494254865977708,9.222310278794142,0.9444444444444444,0.7740897336178644,0.782902137232846,0.8035956712307513,0.0206935339979053
heart,0.7777777777777778,0.6111111111111112,0.033540332850133574,6.0,8.594705915009728,1469.0,0.044588655637913845,0.7659831786679867,0.6666666666666666,0.7555300718640103,0.7386447383732206,0.8035956712307513,0.06495093285753062
heart,0.8333333333333333,0.6666666666666666,0.36113552355158474,3.0,2.3084053051719735,1763.0,26.789388470197363,0.6412569042179157,0.8888888888888888,0.7852389594676346,0.7939373957565649,0.8035956712307513,0.009658275474186406
heart,0.5,0.9444444444444444,0.05906172676928791,4.0,13.862383667332647,1538.0,5.411008231029584,13.158733350628646,0.8333333333333333,0.7733657751806572,0.78026453589853,0.8035956712307513,0.02333113533222131
heart,1.0,0.9444444444444444,0.8930016176563254,4.0,1.0,1427.0,0.2207542044379121,0.06362074277108691,0.7222222222222222,0.7267020335985853,0.7100965827547417,0.8035956712307513,0.09349908847600952
heart,0.8333333333333333,0.9444444444444444,0.36113552355158474,5.0,8.594705915009728,915.0,0.4494254865977708,0.044588655637913845,0.6666666666666666,0.7330886898944975,0.7210736588960863,0.8035956712307513,0.08252201233466494
heart,0.8888888888888888,0.7777777777777778,0.14604549845403467,10.0,9.685738607693846,686.0,0.10843269959149042,15.718144058740227,0.7777777777777778,0.7574912081264168,0.7469842131802491,0.8035956712307513,0.05661145805050216
heart,0.8888888888888888,0.6666666666666666,0.18314019998387457,11.0,1.2699991982341425,252.0,4.52992504739022,0.6412569042179157,0.5555555555555556,0.7693411246950267,0.7721965788759164,0.8035956712307513,0.031399092354834846
heart,0.5555555555555556,0.7777777777777778,0.18314019998387457,11.0,1.431215958721113,260.0,0.05326127477678591,9.222310278794142,0.7222222222222222,0.7593486368440996,0.7545091346340328,0.8035956712307513,0.049086536596718466
heart,0.6666666666666666,0.8888888888888888,0.008625699325576656,9.0,1.2699991982341425,500.0,9.222310278794142,0.2207542044379121,0.6111111111111112,0.7891346403143136,0.7946549784725185,0.8035956712307513,0.008940692758232727
heart,0.7777777777777778,0.8333333333333333,0.04205938101976114,8.0,1.8176431200757233,1488.0,0.10843269959149042,3.174802103936398,0.5555555555555556,0.7639749240475193,0.7530739692021254,0.8035956712307513,0.050521702028625826
heart,0.7222222222222222,0.5,0.08293720650170974,3.0,1.6128979635153649,1119.0,0.7659831786679867,0.05326127477678591,0.6111111111111112,0.7654999567885231,0.7472169427097475,0.8035956712307513,0.056378728521003785
heart,0.5,0.5,0.5071231934836635,7.0,1.8176431200757233,198.0,18.77536736007401,1.8627523686544305,0.5,0.7547027382780559,0.7916488887164965,0.8035956712307513,0.011946782514254739
heart,0.7222222222222222,0.6111111111111112,0.14604549845403467,6.0,28.395417264496608,1080.0,7.720626645353454,1.5594374008644958,0.5,0.677232869973342,0.7268531088786316,0.8035956712307513,0.07674256235211963
heart,0.6111111111111112,0.5555555555555556,0.05906172676928791,8.0,19.840064730601398,1446.0,32.0,1.8627523686544305,0.5555555555555556,0.7013578375647342,0.7994647220821535,0.8035956712307513,0.004130949148597796
heart,0.7777777777777778,0.8333333333333333,0.00437429218801632,4.0,19.840064730601398,884.0,32.0,9.222310278794142,0.9444444444444444,0.7776360662930537,0.7980877390326209,0.8035956712307513,0.005507932198130394
heart,0.7777777777777778,0.8333333333333333,0.09287464307105926,9.0,19.840064730601398,1990.0,2.225062952192973,1.8627523686544305,1.0,0.7638738756706089,0.7775493580543813,0.8035956712307513,0.026046313176369962
heart,0.8333333333333333,0.9444444444444444,0.20508383900190938,6.0,1.0,1899.0,0.4494254865977708,0.31498026247371824,0.6111111111111112,0.7572326040565606,0.7391101974322175,0.8035956712307513,0.06448547379853375
heart,0.8333333333333333,0.5555555555555556,0.00437429218801632,9.0,12.300880266076668,150.0,2.225062952192973,1.3055116977098091,1.0,0.7752963310132095,0.7977580388658314,0.8035956712307513,0.005837632364919854
heart,1.0,0.7777777777777778,0.8930016176563254,6.0,2.931672886767848,937.0,0.37624481090234907,18.77536736007401,0.5,0.7459391183529115,0.7140529847562158,0.8035956712307513,0.08954268647453545
heart,0.8888888888888888,0.7222222222222222,0.5071231934836635,7.0,2.048379120497995,1319.0,0.07599515647546923,7.720626645353454,0.6666666666666666,0.7489592681970177,0.7200263760133432,0.8035956712307513,0.08356929521740808
heart,0.6111111111111112,0.8333333333333333,0.3224946067247292,6.0,6.005177529385341,368.0,5.411008231029584,0.7659831786679867,0.5,0.7609215346057452,0.7608704084403243,0.8035956712307513,0.04272526279042699
heart,0.8888888888888888,0.6111111111111112,0.08293720650170974,9.0,19.840064730601398,840.0,2.6578439649485035,1.5594374008644958,0.9444444444444444,0.7640301017796481,0.771226872503006,0.8035956712307513,0.03236879872774523
heart,0.7222222222222222,0.5,0.00390625,4.0,32.0,1241.0,2.225062952192973,32.0,0.7222222222222222,0.7354493661208725,0.7866258097048214,0.8035956712307513,0.01696986152592983
heart,0.5,0.8333333333333333,0.00614258326569918,8.0,28.395417264496608,346.0,0.044588655637913845,0.2207542044379121,1.0,0.773029390452258,0.8028780885147978,0.8035956712307513,0.0007175827159534576
heart,0.6111111111111112,0.7222222222222222,0.04205938101976114,11.0,28.395417264496608,1343.0,0.06362074277108691,5.411008231029584,0.6666666666666666,0.723858053622119,0.7498157557891469,0.8035956712307513,0.05377991544160432
heart,0.7222222222222222,1.0,0.06613843200451852,7.0,2.048379120497995,1735.0,9.222310278794142,5.411008231029584,0.7222222222222222,0.7801552954003045,0.7861603506458245,0.8035956712307513,0.017435320584926806
heart,0.8333333333333333,1.0,0.010816576451920346,8.0,1.6128979635153649,1223.0,11.016075609554143,6.4634645761165785,1.0,0.7884665244011886,0.7881773399014778,0.8035956712307513,0.015418331329273505
heart,1.0,0.6111111111111112,0.13041886637087732,3.0,15.622108075491552,1448.0,0.05326127477678591,0.4494254865977708,0.8888888888888888,0.7443708741349395,0.7261549202901361,0.8035956712307513,0.0774407509406152
heart,0.8333333333333333,0.5555555555555556,0.8930016176563254,6.0,15.622108075491552,789.0,13.158733350628646,9.222310278794142,0.5,0.7720255546026871,0.7873627865482332,0.8035956712307513,0.016232884682518045
heart,0.6111111111111112,0.7222222222222222,0.013563923541053414,5.0,1.0,1540.0,32.0,0.15471578566317848,0.5555555555555556,0.7547000791102424,0.7949458903843917,0.8035956712307513,0.00864978084635959
heart,0.6111111111111112,0.5555555555555556,0.18314019998387457,9.0,6.767489244843735,189.0,0.10843269959149042,4.52992504739022,1.0,0.7683033844558345,0.7621116325976495,0.8035956712307513,0.041484038633101794
heart,1.0,1.0,0.16354449484350292,5.0,2.601439840712011,1319.0,0.18480844184739367,4.52992504739022,0.8888888888888888,0.7529513438769337,0.7450448004344284,0.8035956712307513,0.05855087079632282
heart,0.6666666666666666,0.9444444444444444,0.03755909528827044,11.0,1.431215958721113,1517.0,18.77536736007401,0.12952316514383383,0.8888888888888888,0.7865402897163332,0.794053760521314,0.8035956712307513,0.009541910709437218
heart,0.6111111111111112,0.5,0.18314019998387457,6.0,7.6265706475730735,1108.0,26.789388470197363,7.720626645353454,0.8888888888888888,0.7736649315596684,0.8003956402001475,0.8035956712307513,0.003200031030603734
heart,0.8333333333333333,0.7222222222222222,0.013563923541053414,3.0,13.862383667332647,1648.0,1.5594374008644958,2.225062952192973,0.6111111111111112,0.7674836959773439,0.7829797137426787,0.8035956712307513,0.020615957488072545
heart,0.9444444444444444,0.5,0.8930016176563254,6.0,6.005177529385341,828.0,1.3055116977098091,0.2636915191204116,0.6111111111111112,0.7123564880370686,0.7039680384779488,0.8035956712307513,0.09962763275280251
heart,0.5,0.6666666666666666,0.013563923541053414,11.0,8.594705915009728,175.0,0.12952316514383383,0.0907764285071453,0.6666666666666666,0.7794818611515526,0.7915519180792056,0.8035956712307513,0.01204375315154571
heart,0.6111111111111112,1.0,0.7121258270022673,7.0,1.6128979635153649,1222.0,0.2207542044379121,2.225062952192973,0.6666666666666666,0.7439400889491633,0.7290252511539508,0.8035956712307513,0.07457042007680048
heart,0.7222222222222222,0.6666666666666666,0.047098885587850976,11.0,2.048379120497995,208.0,26.789388470197363,0.31498026247371824,1.0,0.7780921135730573,0.7959349908847602,0.8035956712307513,0.0076606803459911
heart,0.7222222222222222,0.6111111111111112,0.047098885587850976,4.0,5.328735052946112,687.0,0.12952316514383383,0.15471578566317848,1.0,0.7595487392220605,0.7606764671657423,0.8035956712307513,0.04291920406500893
heart,0.5,0.7777777777777778,0.007702763451157033,10.0,2.931672886767848,1516.0,3.174802103936398,0.03732821303899783,0.7222222222222222,0.7778969971347467,0.7861603506458243,0.8035956712307513,0.017435320584926917
heart,0.7222222222222222,0.7777777777777778,0.029951571491900867,10.0,6.005177529385341,1488.0,0.03125,1.3055116977098091,0.6666666666666666,0.7595653590208944,0.7482254373375742,0.8035956712307513,0.05537023389317708
heart,0.5,0.8333333333333333,0.05906172676928791,6.0,1.431215958721113,1193.0,6.4634645761165785,0.7659831786679867,0.7777777777777778,0.7789639882198867,0.783949420115589,0.8035956712307513,0.019646251115162272
heart,0.8333333333333333,1.0,0.06613843200451852,5.0,2.048379120497995,1249.0,0.044588655637913845,0.2636915191204116,0.5555555555555556,0.7517440816896354,0.7396920212559638,0.8035956712307513,0.06390364997478748
heart,1.0,0.6666666666666666,0.08293720650170974,10.0,28.395417264496608,994.0,26.789388470197363,0.03125,0.6111111111111112,0.731175086256756,0.7863736860478647,0.8035956712307513,0.017221985182886534
heart,0.9444444444444444,0.5,0.05906172676928791,10.0,1.0,1033.0,0.07599515647546923,7.720626645353454,0.7222222222222222,0.7710270370887432,0.7550521702028625,0.8035956712307513,0.048543501027888736
heart,0.7777777777777778,0.7222222222222222,0.012112605663927412,7.0,1.431215958721113,1350.0,0.7659831786679867,0.9149690648834351,0.9444444444444444,0.7679822899423625,0.7664559171482876,0.8035956712307513,0.037139754082463616
heart,0.5555555555555556,0.9444444444444444,0.8930016176563254,3.0,10.915269621120595,1689.0,0.044588655637913845,0.4494254865977708,0.8333333333333333,0.6815373978713362,0.6814708506264302,0.8035956712307513,0.12212482060432106
heart,0.9444444444444444,1.0,0.13041886637087732,10.0,1.8176431200757233,1071.0,1.8627523686544305,3.7923100573566844,0.7222222222222222,0.7656787858239763,0.758853419184671,0.8035956712307513,0.04474225204608029
heart,0.8888888888888888,1.0,0.08293720650170974,6.0,19.840064730601398,1771.0,3.7923100573566844,3.7923100573566844,0.7222222222222222,0.7494232929804617,0.7604049493813274,0.8035956712307513,0.04319072184942385
heart,0.9444444444444444,0.6666666666666666,0.07406305956992351,8.0,6.767489244843735,1324.0,9.222310278794142,0.9149690648834351,0.6111111111111112,0.7814642707564667,0.788565222450642,0.8035956712307513,0.015030448780109285
heart,0.7777777777777778,0.5555555555555556,0.00614258326569918,11.0,1.126942411232332,109.0,5.411008231029584,0.06362074277108691,0.8333333333333333,0.7762562905938587,0.8062914549474419,0.8035956712307513,-0.0026957837166906584
heart,0.8888888888888888,0.5,0.00390625,4.0,5.328735052946112,276.0,0.18480844184739367,1.0929331256979677,1.0,0.7750942342593886,0.7933749660602769,0.8035956712307513,0.010220705170474353
heart,0.9444444444444444,0.7777777777777778,0.07406305956992351,3.0,4.195857021292138,1733.0,13.158733350628646,0.03125,0.7222222222222222,0.7901850116006195,0.794693766727435,0.8035956712307513,0.008901904503316294
heart,0.8333333333333333,0.7777777777777778,0.08293720650170974,3.0,1.6128979635153649,1986.0,0.06362074277108691,22.427229206473235,0.6111111111111112,0.7698756174255268,0.7589309956945037,0.8035956712307513,0.04466467553624753
heart,0.7222222222222222,0.8333333333333333,0.22965673851761886,7.0,1.6128979635153649,813.0,0.15471578566317848,0.7659831786679867,0.5,0.7470154165253984,0.7330592296652573,0.8035956712307513,0.07053644156549399
heart,0.7222222222222222,0.9444444444444444,0.6359295154878732,3.0,8.594705915009728,784.0,0.2636915191204116,0.05326127477678591,0.5,0.6891878236705824,0.6838757224312478,0.8035956712307513,0.11971994879950343
heart,0.5,0.8888888888888888,0.13041886637087732,4.0,25.196866300777266,194.0,0.10843269959149042,26.789388470197363,1.0,0.7633912367124709,0.7903494821767969,0.8035956712307513,0.01324618905395436
heart,1.0,0.5555555555555556,0.004898414629411993,4.0,3.723222215679941,1177.0,0.06362074277108691,5.411008231029584,0.9444444444444444,0.7750822680042282,0.7860827741359916,0.8035956712307513,0.017512897094759672
heart,0.5,0.8333333333333333,0.019047088346944928,7.0,10.915269621120595,677.0,0.18480844184739367,26.789388470197363,0.7777777777777778,0.7757849530989278,0.7861991389007408,0.8035956712307513,0.017396532330010483
heart,0.5555555555555556,0.7777777777777778,1.0,4.0,7.6265706475730735,897.0,0.37624481090234907,3.174802103936398,0.6111111111111112,0.6962253112888322,0.690780031806369,0.8035956712307513,0.11281563942438222
heart,0.5555555555555556,0.6666666666666666,0.25717393336906924,3.0,15.622108075491552,1458.0,5.411008231029584,0.5368400098840593,0.7222222222222222,0.7653277756726033,0.7635467980295567,0.8035956712307513,0.040048873201194546
heart,0.6666666666666666,1.0,0.023884937268832684,3.0,25.196866300777266,1975.0,1.8627523686544305,0.06362074277108691,0.5555555555555556,0.7143708076557442,0.746130871572088,0.8035956712307513,0.057464799658663246
heart,0.7777777777777778,0.7222222222222222,0.00437429218801632,5.0,5.328735052946112,860.0,1.5594374008644958,0.4494254865977708,0.7777777777777778,0.7812442246199053,0.7897288700981343,0.8035956712307513,0.013866801132616957
heart,0.8888888888888888,0.6666666666666666,0.3224946067247292,6.0,15.622108075491552,380.0,0.044588655637913845,7.720626645353454,0.6111111111111112,0.7414477839160234,0.7412047631977037,0.8035956712307513,0.06239090803304759
heart,0.5555555555555556,1.0,0.029951571491900867,7.0,1.6128979635153649,1589.0,3.7923100573566844,1.3055116977098091,0.7222222222222222,0.7745304906829407,0.7755711570536441,0.8035956712307513,0.028024514177107163
heart,0.7777777777777778,0.5,0.00614258326569918,11.0,3.723222215679941,445.0,11.016075609554143,0.31498026247371824,1.0,0.7829683625509396,0.8006671579845624,0.8035956712307513,0.002928513246188813
heart,0.9444444444444444,1.0,0.7121258270022673,11.0,12.300880266076668,338.0,5.411008231029584,0.5368400098840593,1.0,0.7785594623162682,0.7843566967922113,0.8035956712307513,0.019238974438539946
heart,0.6666666666666666,0.5,0.008625699325576656,3.0,1.2699991982341425,1376.0,0.37624481090234907,1.3055116977098091,1.0,0.779529061380241,0.7825918311935145,0.8035956712307513,0.021003840037236765
heart,0.8333333333333333,0.8888888888888888,0.00437429218801632,10.0,8.594705915009728,1130.0,0.044588655637913845,1.5594374008644958,0.5555555555555556,0.7803912965437466,0.7907761529808774,0.8035956712307513,0.012819518249873818
heart,1.0,0.7777777777777778,0.18314019998387457,5.0,5.328735052946112,1315.0,2.225062952192973,18.77536736007401,1.0,0.7667743629631107,0.7769287459757185,0.8035956712307513,0.02666692525503278
heart,0.8333333333333333,0.9444444444444444,0.023884937268832684,9.0,12.300880266076668,1597.0,2.225062952192973,0.5368400098840593,0.6666666666666666,0.767001057019206,0.769714130561266,0.8035956712307513,0.03388154066948523
heart,0.9444444444444444,0.6666666666666666,0.010816576451920346,5.0,2.601439840712011,208.0,0.6412569042179157,15.718144058740227,0.7777777777777778,0.7805328972298119,0.7947713432372678,0.8035956712307513,0.008824327993483427
heart,0.5555555555555556,0.8888888888888888,0.3224946067247292,3.0,3.723222215679941,694.0,18.77536736007401,0.07599515647546923,0.6666666666666666,0.789980588074962,0.7964780264535898,0.8035956712307513,0.00711764477716148
heart,1.0,0.5555555555555556,0.567886086046074,8.0,1.6128979635153649,1500.0,9.222310278794142,1.3055116977098091,0.7222222222222222,0.7698237636531647,0.7724293084054149,0.8035956712307513,0.031166362825336358
heart,0.7777777777777778,0.7777777777777778,0.7974518891368139,6.0,32.0,942.0,5.411008231029584,6.4634645761165785,0.8888888888888888,0.742655046103322,0.7586982661650052,0.8035956712307513,0.04489740506574602
diabetes,0.8333333333333333,0.6666666666666666,0.09287464307105926,10.0,28.395417264496608,1144.0,26.789388470197363,0.7659831786679867,0.8333333333333333,0.7485993545692187,0.790865671641791,0.8138507462686567,0.02298507462686572
diabetes,0.8888888888888888,0.7222222222222222,0.20508383900190938,10.0,15.622108075491552,230.0,1.3055116977098091,0.03732821303899783,0.8888888888888888,0.7670353976338697,0.7988059701492537,0.8138507462686567,0.015044776119403025
diabetes,0.7777777777777778,0.5555555555555556,0.03755909528827044,3.0,3.723222215679941,1437.0,1.3055116977098091,2.225062952192973,0.5,0.7609341903144958,0.796179104477612,0.8138507462686567,0.017671641791044745
diabetes,1.0,0.6111111111111112,0.5071231934836635,9.0,9.685738607693846,931.0,0.044588655637913845,18.77536736007401,0.6111111111111112,0.7413302072385265,0.7545074626865672,0.8138507462686567,0.05934328358208951
diabetes,0.8333333333333333,0.7222222222222222,0.009659220269068186,9.0,7.6265706475730735,487.0,2.225062952192973,0.31498026247371824,0.5555555555555556,0.7968766001024066,0.8281791044776119,0.8138507462686567,-0.014328358208955172
diabetes,1.0,0.9444444444444444,0.06613843200451852,7.0,1.126942411232332,1463.0,3.7923100573566844,0.0907764285071453,0.8888888888888888,0.788112081278465,0.8048955223880597,0.8138507462686567,0.008955223880596996
diabetes,0.6111111111111112,0.5,0.20508383900190938,4.0,2.3084053051719735,1511.0,0.03732821303899783,0.07599515647546923,0.7777777777777778,0.7195640984180882,0.7576119402985074,0.8138507462686567,0.0562388059701493
diabetes,1.0,0.6666666666666666,0.09287464307105926,4.0,19.840064730601398,1679.0,11.016075609554143,0.15471578566317848,0.6666666666666666,0.7818267442800548,0.8157611940298507,0.8138507462686567,-0.0019104477611939785
diabetes,0.8888888888888888,0.8333333333333333,0.3224946067247292,7.0,6.005177529385341,1872.0,0.6412569042179157,1.8627523686544305,1.0,0.7454047753793086,0.7829253731343284,0.8138507462686567,0.030925373134328304
diabetes,0.9444444444444444,0.9444444444444444,0.09287464307105926,3.0,17.605216143126537,1962.0,0.12952316514383383,1.8627523686544305,0.5,0.7781543913547309,0.8025671641791045,0.8138507462686567,0.011283582089552269
diabetes,0.8888888888888888,0.8888888888888888,0.012112605663927412,5.0,6.767489244843735,491.0,13.158733350628646,13.158733350628646,0.5,0.7840585671167165,0.8120597014925373,0.8138507462686567,0.0017910447761194659
diabetes,0.7222222222222222,1.0,0.28798820549062376,11.0,25.196866300777266,234.0,0.12952316514383383,0.10843269959149042,0.5555555555555556,0.5,0.806865671641791,0.8138507462686567,0.006985074626865706
diabetes,0.5,0.8333333333333333,0.047098885587850976,10.0,1.6128979635153649,198.0,32.0,1.3055116977098091,0.6111111111111112,0.5,0.7951641791044777,0.8138507462686567,0.018686567164179047
diabetes,0.5,0.6111111111111112,0.22965673851761886,5.0,1.0,1128.0,2.6578439649485035,0.31498026247371824,0.8333333333333333,0.7601928881343143,0.8001194029850748,0.8138507462686567,0.013731343283581943
diabetes,0.9444444444444444,1.0,0.40440634866864145,5.0,2.048379120497995,1364.0,7.720626645353454,0.05326127477678591,0.7222222222222222,0.7903223111542297,0.8148059701492537,0.8138507462686567,-0.0009552238805969893
diabetes,0.8333333333333333,0.8333333333333333,0.567886086046074,6.0,4.195857021292138,1283.0,0.0907764285071453,1.3055116977098091,0.5555555555555556,0.6882278950063331,0.7496119402985075,0.8138507462686567,0.0642388059701492
diabetes,1.0,0.9444444444444444,0.0068785802223072495,6.0,32.0,1454.0,3.7923100573566844,2.225062952192973,0.8333333333333333,0.7682163068962728,0.8088955223880597,0.8138507462686567,0.004955223880596993
diabetes,0.5,0.5,0.07406305956992351,11.0,9.685738607693846,1072.0,0.044588655637913845,26.789388470197363,0.7777777777777778,0.7608303015603525,0.7927164179104478,0.8138507462686567,0.021134328358208943
diabetes,0.8888888888888888,0.9444444444444444,0.22965673851761886,3.0,8.594705915009728,1357.0,1.8627523686544305,0.37624481090234907,0.7777777777777778,0.7199527043414989,0.7608358208955225,0.8138507462686567,0.053014925373134236
diabetes,0.8888888888888888,0.9444444444444444,0.8930016176563254,3.0,19.840064730601398,663.0,0.2207542044379121,26.789388470197363,0.5555555555555556,0.7589659969817016,0.8174328358208955,0.8138507462686567,-0.0035820895522388208
diabetes,0.6111111111111112,0.5,0.22965673851761886,3.0,15.622108075491552,1204.0,0.03732821303899783,0.03732821303899783,0.7777777777777778,0.7601406742663108,0.7565373134328358,0.8138507462686567,0.05731343283582091
diabetes,0.8333333333333333,0.7222222222222222,0.13041886637087732,3.0,1.0,1526.0,0.03732821303899783,2.6578439649485035,0.7777777777777778,0.7343955992130866,0.7709850746268657,0.8138507462686567,0.042865671641791
diabetes,0.8333333333333333,0.6666666666666666,0.012112605663927412,10.0,22.358610386509486,500.0,22.427229206473235,1.8627523686544305,0.7222222222222222,0.7714048562265879,0.7940895522388061,0.8138507462686567,0.01976119402985066
diabetes,0.6666666666666666,0.5555555555555556,0.0068785802223072495,8.0,3.30382651195861,1634.0,0.4494254865977708,9.222310278794142,0.9444444444444444,0.7905434958363652,0.8191044776119403,0.8138507462686567,-0.005253731343283552
diabetes,0.7777777777777778,0.6111111111111112,0.033540332850133574,6.0,8.594705915009728,1469.0,0.044588655637913845,0.7659831786679867,0.6666666666666666,0.7499540517961572,0.7770746268656716,0.8138507462686567,0.036776119402985086
diabetes,0.8333333333333333,0.6666666666666666,0.36113552355158474,3.0,2.3084053051719735,1763.0,26.789388470197363,0.6412569042179157,0.8888888888888888,0.7670516007761339,0.8063880597014925,0.8138507462686567,0.007462686567164201
diabetes,0.5,0.9444444444444444,0.05906172676928791,4.0,13.862383667332647,1538.0,5.411008231029584,13.158733350628646,0.8333333333333333,0.779700528202226,0.8205373134328358,0.8138507462686567,-0.006686567164179036
diabetes,1.0,0.9444444444444444,0.8930016176563254,4.0,1.0,1427.0,0.2207542044379121,0.06362074277108691,0.7222222222222222,0.721466030668068,0.7393432835820896,0.8138507462686567,0.07450746268656716
diabetes,0.8333333333333333,0.9444444444444444,0.36113552355158474,5.0,8.594705915009728,915.0,0.4494254865977708,0.044588655637913845,0.6666666666666666,0.7216828361225645,0.7477014925373134,0.8138507462686567,0.06614925373134328
diabetes,0.8888888888888888,0.7777777777777778,0.14604549845403467,10.0,9.685738607693846,686.0,0.10843269959149042,15.718144058740227,0.7777777777777778,0.7479299727814158,0.7709850746268657,0.8138507462686567,0.042865671641791
diabetes,0.8888888888888888,0.6666666666666666,0.18314019998387457,11.0,1.2699991982341425,252.0,4.52992504739022,0.6412569042179157,0.5555555555555556,0.7762253752661223,0.8106268656716418,0.8138507462686567,0.0032238805970149498
diabetes,0.5555555555555556,0.7777777777777778,0.18314019998387457,11.0,1.431215958721113,260.0,0.05326127477678591,9.222310278794142,0.7222222222222222,0.7730564987738162,0.7865074626865671,0.8138507462686567,0.027343283582089595
diabetes,0.6666666666666666,0.8888888888888888,0.008625699325576656,9.0,1.2699991982341425,500.0,9.222310278794142,0.2207542044379121,0.6111111111111112,0.7984594550893362,0.8163582089552239,0.8138507462686567,-0.002507462686567208
diabetes,0.7777777777777778,0.8333333333333333,0.04205938101976114,8.0,1.8176431200757233,1488.0,0.10843269959149042,3.174802103936398,0.5555555555555556,0.754265569838575,0.7706268656716417,0.8138507462686567,0.043223880597014985
diabetes,0.7222222222222222,0.5,0.08293720650170974,3.0,1.6128979635153649,1119.0,0.7659831786679867,0.05326127477678591,0.6111111111111112,0.7399478535047296,0.7718208955223881,0.8138507462686567,0.04202985074626864
diabetes,0.5,0.5,0.5071231934836635,7.0,1.8176431200757233,198.0,18.77536736007401,1.8627523686544305,0.5,0.7737982051903953,0.8275223880597015,0.8138507462686567,-0.013671641791044742
diabetes,0.7222222222222222,0.6111111111111112,0.14604549845403467,6.0,28.395417264496608,1080.0,7.720626645353454,1.5594374008644958,0.5,0.5,0.5,0.8138507462686567,0.3138507462686567
diabetes,0.6111111111111112,0.5555555555555556,0.05906172676928791,8.0,19.840064730601398,1446.0,32.0,1.8627523686544305,0.5555555555555556,0.5,0.7195223880597015,0.8138507462686567,0.09432835820895524
diabetes,0.7777777777777778,0.8333333333333333,0.00437429218801632,4.0,19.840064730601398,884.0,32.0,9.222310278794142,0.9444444444444444,0.7282991079850164,0.7952238805970149,0.8138507462686567,0.018626865671641846
diabetes,0.7777777777777778,0.8333333333333333,0.09287464307105926,9.0,19.840064730601398,1990.0,2.225062952192973,1.8627523686544305,1.0,0.7729744050987684,0.8236417910447761,0.8138507462686567,-0.009791044776119362
diabetes,0.8333333333333333,0.9444444444444444,0.20508383900190938,6.0,1.0,1899.0,0.4494254865977708,0.31498026247371824,0.6111111111111112,0.7427764303231197,0.7783880597014926,0.8138507462686567,0.035462686567164114
diabetes,0.8333333333333333,0.5555555555555556,0.00437429218801632,9.0,12.300880266076668,150.0,2.225062952192973,1.3055116977098091,1.0,0.791204354973455,0.8294925373134328,0.8138507462686567,-0.015641791044776032
diabetes,1.0,0.7777777777777778,0.8930016176563254,6.0,2.931672886767848,937.0,0.37624481090234907,18.77536736007401,0.5,0.7081407146899507,0.7639402985074627,0.8138507462686567,0.04991044776119402
diabetes,0.8888888888888888,0.7222222222222222,0.5071231934836635,7.0,2.048379120497995,1319.0,0.07599515647546923,7.720626645353454,0.6666666666666666,0.7271460910340367,0.7584477611940298,0.8138507462686567,0.05540298507462693
diabetes,0.6111111111111112,0.8333333333333333,0.3224946067247292,6.0,6.005177529385341,368.0,5.411008231029584,0.7659831786679867,0.5,0.7761442584957017,0.8020298507462686,0.8138507462686567,0.011820895522388075
diabetes,0.8888888888888888,0.6111111111111112,0.08293720650170974,9.0,19.840064730601398,840.0,2.6578439649485035,1.5594374008644958,0.9444444444444444,0.7764890721427224,0.8170746268656717,0.8138507462686567,-0.0032238805970149498
diabetes,0.7222222222222222,0.5,0.00390625,4.0,32.0,1241.0,2.225062952192973,32.0,0.7222222222222222,0.5,0.8229253731343285,0.8138507462686567,-0.009074626865671731
diabetes,0.5,0.8333333333333333,0.00614258326569918,8.0,28.395417264496608,346.0,0.044588655637913845,0.2207542044379121,1.0,0.7779979855552861,0.810089552238806,0.8138507462686567,0.0037611940298507562
diabetes,0.6111111111111112,0.7222222222222222,0.04205938101976114,11.0,28.395417264496608,1343.0,0.06362074277108691,5.411008231029584,0.6666666666666666,0.7757604697226939,0.8149850746268656,0.8138507462686567,-0.0011343283582089247
diabetes,0.7222222222222222,1.0,0.06613843200451852,7.0,2.048379120497995,1735.0,9.222310278794142,5.411008231029584,0.7222222222222222,0.7998153313391004,0.8241194029850747,0.8138507462686567,-0.010268656716417968
diabetes,0.8333333333333333,1.0,0.010816576451920346,8.0,1.6128979635153649,1223.0,11.016075609554143,6.4634645761165785,1.0,0.8000593553776916,0.8213731343283581,0.8138507462686567,-0.0075223880597014015
diabetes,1.0,0.6111111111111112,0.13041886637087732,3.0,15.622108075491552,1448.0,0.05326127477678591,0.4494254865977708,0.8888888888888888,0.7540424987199181,0.7697910447761194,0.8138507462686567,0.04405970149253735
diabetes,0.8333333333333333,0.5555555555555556,0.8930016176563254,6.0,15.622108075491552,789.0,13.158733350628646,9.222310278794142,0.5,0.7762878634758941,0.8050746268656717,0.8138507462686567,0.008776119402985061
diabetes,0.6111111111111112,0.7222222222222222,0.013563923541053414,5.0,1.0,1540.0,32.0,0.15471578566317848,0.5555555555555556,0.5354761904761904,0.7478208955223882,0.8138507462686567,0.06602985074626855
diabetes,0.6111111111111112,0.5555555555555556,0.18314019998387457,9.0,6.767489244843735,189.0,0.10843269959149042,4.52992504739022,1.0,0.7597009324386235,0.7861492537313433,0.8138507462686567,0.027701492537313466
diabetes,1.0,1.0,0.16354449484350292,5.0,2.601439840712011,1319.0,0.18480844184739367,4.52992504739022,0.8888888888888888,0.7329867679952569,0.7736119402985074,0.8138507462686567,0.04023880597014928
diabetes,0.6666666666666666,0.9444444444444444,0.03755909528827044,11.0,1.431215958721113,1517.0,18.77536736007401,0.12952316514383383,0.8888888888888888,0.7915578597030211,0.8142686567164179,0.8138507462686567,-0.0004179104477611828
diabetes,0.6111111111111112,0.5,0.18314019998387457,6.0,7.6265706475730735,1108.0,26.789388470197363,7.720626645353454,0.8888888888888888,0.770669617592368,0.7859701492537314,0.8138507462686567,0.02788059701492529
diabetes,0.8333333333333333,0.7222222222222222,0.013563923541053414,3.0,13.862383667332647,1648.0,1.5594374008644958,2.225062952192973,0.6111111111111112,0.7803142264262807,0.8157611940298507,0.8138507462686567,-0.0019104477611939785
diabetes,0.9444444444444444,0.5,0.8930016176563254,6.0,6.005177529385341,828.0,1.3055116977098091,0.2636915191204116,0.6111111111111112,0.7044547524725793,0.7211940298507462,0.8138507462686567,0.09265671641791051
diabetes,0.5,0.6666666666666666,0.013563923541053414,11.0,8.594705915009728,175.0,0.12952316514383383,0.0907764285071453,0.6666666666666666,0.7944195839060015,0.8191044776119403,0.8138507462686567,-0.005253731343283552
diabetes,0.6111111111111112,1.0,0.7121258270022673,7.0,1.6128979635153649,1222.0,0.2207542044379121,2.225062952192973,0.6666666666666666,0.7254694532028998,0.7596417910447762,0.8138507462686567,0.05420895522388047
diabetes,0.7222222222222222,0.6666666666666666,0.047098885587850976,11.0,2.048379120497995,208.0,26.789388470197363,0.31498026247371824,1.0,0.777270461098984,0.7792835820895523,0.8138507462686567,0.03456716417910444
diabetes,0.7222222222222222,0.6111111111111112,0.047098885587850976,4.0,5.328735052946112,687.0,0.12952316514383383,0.15471578566317848,1.0,0.7535253456221198,0.782089552238806,0.8138507462686567,0.03176119402985067
diabetes,0.5,0.7777777777777778,0.007702763451157033,10.0,2.931672886767848,1516.0,3.174802103936398,0.03732821303899783,0.7222222222222222,0.7885416498234836,0.8205373134328358,0.8138507462686567,-0.006686567164179036
diabetes,0.7222222222222222,0.7777777777777778,0.029951571491900867,10.0,6.005177529385341,1488.0,0.03125,1.3055116977098091,0.6666666666666666,0.7447828576818389,0.7764776119402985,0.8138507462686567,0.037373134328358204
diabetes,0.5,0.8333333333333333,0.05906172676928791,6.0,1.431215958721113,1193.0,6.4634645761165785,0.7659831786679867,0.7777777777777778,0.796186972808365,0.8213731343283582,0.8138507462686567,-0.0075223880597015125
diabetes,0.8333333333333333,1.0,0.06613843200451852,5.0,2.048379120497995,1249.0,0.044588655637913845,0.2636915191204116,0.5555555555555556,0.7359271835502736,0.7701492537313434,0.8138507462686567,0.04370149253731337
diabetes,1.0,0.6666666666666666,0.08293720650170974,10.0,28.395417264496608,994.0,26.789388470197363,0.03125,0.6111111111111112,0.5,0.7541492537313432,0.8138507462686567,0.059701492537313494
diabetes,0.9444444444444444,0.5,0.05906172676928791,10.0,1.0,1033.0,0.07599515647546923,7.720626645353454,0.7222222222222222,0.7626094133182418,0.7947462686567164,0.8138507462686567,0.01910447761194034
diabetes,0.7777777777777778,0.7222222222222222,0.012112605663927412,7.0,1.431215958721113,1350.0,0.7659831786679867,0.9149690648834351,0.9444444444444444,0.7734056242757432,0.801910447761194,0.8138507462686567,0.011940298507462699
diabetes,0.5555555555555556,0.9444444444444444,0.8930016176563254,3.0,10.915269621120595,1689.0,0.044588655637913845,0.4494254865977708,0.8333333333333333,0.6907836796291804,0.7131940298507463,0.8138507462686567,0.10065671641791041
diabetes,0.9444444444444444,1.0,0.13041886637087732,10.0,1.8176431200757233,1071.0,1.8627523686544305,3.7923100573566844,0.7222222222222222,0.7564855013878782,0.7878208955223881,0.8138507462686567,0.026029850746268623
diabetes,0.8888888888888888,1.0,0.08293720650170974,6.0,19.840064730601398,1771.0,3.7923100573566844,3.7923100573566844,0.7222222222222222,0.7694304646023661,0.7967761194029851,0.8138507462686567,0.017074626865671627
diabetes,0.9444444444444444,0.6666666666666666,0.07406305956992351,8.0,6.767489244843735,1324.0,9.222310278794142,0.9149690648834351,0.6111111111111112,0.7955666720564852,0.8296119402985075,0.8138507462686567,-0.015761194029850767
diabetes,0.7777777777777778,0.5555555555555556,0.00614258326569918,11.0,1.126942411232332,109.0,5.411008231029584,0.06362074277108691,0.8333333333333333,0.7955436979545638,0.8144477611940298,0.8138507462686567,-0.0005970149253731183
diabetes,0.8888888888888888,0.5,0.00390625,4.0,5.328735052946112,276.0,0.18480844184739367,1.0929331256979677,1.0,0.7980032069420865,0.8379701492537314,0.8138507462686567,-0.024119402985074645
diabetes,0.9444444444444444,0.7777777777777778,0.07406305956992351,3.0,4.195857021292138,1733.0,13.158733350628646,0.03125,0.7222222222222222,0.7950083542188805,0.8266268656716418,0.8138507462686567,-0.012776119402985064
diabetes,0.8333333333333333,0.7777777777777778,0.08293720650170974,3.0,1.6128979635153649,1986.0,0.06362074277108691,22.427229206473235,0.6111111111111112,0.7506010995230011,0.7817313432835821,0.8138507462686567,0.03211940298507465
diabetes,0.7222222222222222,0.8333333333333333,0.22965673851761886,7.0,1.6128979635153649,813.0,0.15471578566317848,0.7659831786679867,0.5,0.7302982590885817,0.7755223880597015,0.8138507462686567,0.03832835820895519
diabetes,0.7222222222222222,0.9444444444444444,0.6359295154878732,3.0,8.594705915009728,784.0,0.2636915191204116,0.05326127477678591,0.5,0.7480536017463013,0.7371940298507462,0.8138507462686567,0.0766567164179105
diabetes,0.5,0.8888888888888888,0.13041886637087732,4.0,25.196866300777266,194.0,0.10843269959149042,26.789388470197363,1.0,0.7663790861562508,0.8168955223880597,0.8138507462686567,-0.0030447761194030143
diabetes,1.0,0.5555555555555556,0.004898414629411993,4.0,3.723222215679941,1177.0,0.06362074277108691,5.411008231029584,0.9444444444444444,0.7877560837577816,0.8342686567164179,0.8138507462686567,-0.0204179104477612
diabetes,0.5,0.8333333333333333,0.019047088346944928,7.0,10.915269621120595,677.0,0.18480844184739367,26.789388470197363,0.7777777777777778,0.7832493195353977,0.8268656716417911,0.8138507462686567,-0.013014925373134423
diabetes,0.5555555555555556,0.7777777777777778,1.0,4.0,7.6265706475730735,897.0,0.37624481090234907,3.174802103936398,0.6111111111111112,0.7148013178106557,0.7307462686567165,0.8138507462686567,0.08310447761194018
diabetes,0.5555555555555556,0.6666666666666666,0.25717393336906924,3.0,15.622108075491552,1458.0,5.411008231029584,0.5368400098840593,0.7222222222222222,0.7801918101705878,0.8112238805970149,0.8138507462686567,0.0026268656716418315
diabetes,0.6666666666666666,1.0,0.023884937268832684,3.0,25.196866300777266,1975.0,1.8627523686544305,0.06362074277108691,0.5555555555555556,0.6655226776618967,0.8097910447761194,0.8138507462686567,0.004059701492537315
diabetes,0.7777777777777778,0.7222222222222222,0.00437429218801632,5.0,5.328735052946112,860.0,1.5594374008644958,0.4494254865977708,0.7777777777777778,0.795730050933786,0.8335522388059702,0.8138507462686567,-0.01970149253731346
diabetes,0.8888888888888888,0.6666666666666666,0.3224946067247292,6.0,15.622108075491552,380.0,0.044588655637913845,7.720626645353454,0.6111111111111112,0.771260173282669,0.7757611940298508,0.8138507462686567,0.038089552238805946
diabetes,0.5555555555555556,1.0,0.029951571491900867,7.0,1.6128979635153649,1589.0,3.7923100573566844,1.3055116977098091,0.7222222222222222,0.7793911526127146,0.8088358208955224,0.8138507462686567,0.005014925373134305
diabetes,0.7777777777777778,0.5,0.00614258326569918,11.0,3.723222215679941,445.0,11.016075609554143,0.31498026247371824,1.0,0.7921735791090629,0.8151641791044776,0.8138507462686567,-0.0013134328358208602
diabetes,0.9444444444444444,1.0,0.7121258270022673,11.0,12.300880266076668,338.0,5.411008231029584,0.5368400098840593,1.0,0.7702865699194221,0.8425671641791045,0.8138507462686567,-0.028716417910447767
diabetes,0.6666666666666666,0.5,0.008625699325576656,3.0,1.2699991982341425,1376.0,0.37624481090234907,1.3055116977098091,1.0,0.7826729458053737,0.830089552238806,0.8138507462686567,-0.01623880597014926
diabetes,0.8333333333333333,0.8888888888888888,0.00437429218801632,10.0,8.594705915009728,1130.0,0.044588655637913845,1.5594374008644958,0.5555555555555556,0.7905236208801574,0.8280597014925373,0.8138507462686567,-0.014208955223880548
diabetes,1.0,0.7777777777777778,0.18314019998387457,5.0,5.328735052946112,1315.0,2.225062952192973,18.77536736007401,1.0,0.7757472983534103,0.8205373134328358,0.8138507462686567,-0.006686567164179036
diabetes,0.8333333333333333,0.9444444444444444,0.023884937268832684,9.0,12.300880266076668,1597.0,2.225062952192973,0.5368400098840593,0.6666666666666666,0.7743218934432857,0.804179104477612,0.8138507462686567,0.009671641791044738
diabetes,0.9444444444444444,0.6666666666666666,0.010816576451920346,5.0,2.601439840712011,208.0,0.6412569042179157,15.718144058740227,0.7777777777777778,0.7920291319697091,0.8207761194029851,0.8138507462686567,-0.006925373134328394
diabetes,0.5555555555555556,0.8888888888888888,0.3224946067247292,3.0,3.723222215679941,694.0,18.77536736007401,0.07599515647546923,0.6666666666666666,0.7876320842428651,0.8210149253731344,0.8138507462686567,-0.0071641791044776415
diabetes,1.0,0.5555555555555556,0.567886086046074,8.0,1.6128979635153649,1500.0,9.222310278794142,1.3055116977098091,0.7222222222222222,0.7995312205244294,0.822089552238806,0.8138507462686567,-0.008238805970149254
diabetes,0.7777777777777778,0.7777777777777778,0.7974518891368139,6.0,32.0,942.0,5.411008231029584,6.4634645761165785,0.8888888888888888,0.770284616110168,0.8117014925373134,0.8138507462686567,0.002149253731343337
cancer,0.8333333333333333,0.6666666666666666,0.09287464307105926,10.0,28.395417264496608,1144.0,26.789388470197363,0.7659831786679867,0.8333333333333333,0.8553179006589582,0.8383978111090788,0.8488430583501007,0.010445247241021804
cancer,0.8888888888888888,0.7222222222222222,0.20508383900190938,10.0,15.622108075491552,230.0,1.3055116977098091,0.03732821303899783,0.8888888888888888,0.8541865878962172,0.8344460703615633,0.8488430583501007,0.01439698798853739
cancer,0.7777777777777778,0.5555555555555556,0.03755909528827044,3.0,3.723222215679941,1437.0,1.3055116977098091,2.225062952192973,0.5,0.8517042544872038,0.8278839704896043,0.8488430583501007,0.020959087860496384
cancer,1.0,0.6111111111111112,0.5071231934836635,9.0,9.685738607693846,931.0,0.044588655637913845,18.77536736007401,0.6111111111111112,0.8248301835965022,0.801528870190842,0.8488430583501007,0.0473141881592587
cancer,0.8333333333333333,0.7222222222222222,0.009659220269068186,9.0,7.6265706475730735,487.0,2.225062952192973,0.31498026247371824,0.5555555555555556,0.864879604327825,0.8579278702518138,0.8488430583501007,-0.009084811901713175
cancer,1.0,0.9444444444444444,0.06613843200451852,7.0,1.126942411232332,1463.0,3.7923100573566844,0.0907764285071453,0.8888888888888888,0.8415232375303396,0.8250792634595452,0.8488430583501007,0.023763794890555467
cancer,0.6111111111111112,0.5,0.20508383900190938,4.0,2.3084053051719735,1511.0,0.03732821303899783,0.07599515647546923,0.7777777777777778,0.8255744603958434,0.790515822205963,0.8488430583501007,0.058327236144137706
cancer,1.0,0.6666666666666666,0.09287464307105926,4.0,19.840064730601398,1679.0,11.016075609554143,0.15471578566317848,0.6666666666666666,0.8603048340036434,0.8520288397048961,0.8488430583501007,-0.003185781354795414
cancer,0.8888888888888888,0.8333333333333333,0.3224946067247292,7.0,6.005177529385341,1872.0,0.6412569042179157,1.8627523686544305,1.0,0.8320890284917842,0.8032551368818974,0.8488430583501007,0.04558792146820323
cancer,0.9444444444444444,0.9444444444444444,0.09287464307105926,3.0,17.605216143126537,1962.0,0.12952316514383383,1.8627523686544305,0.5,0.8435123389093405,0.8145920980428023,0.8488430583501007,0.03425096030729835
cancer,0.8888888888888888,0.8888888888888888,0.012112605663927412,5.0,6.767489244843735,491.0,13.158733350628646,13.158733350628646,0.5,0.8573488795279719,0.8446664837509907,0.8488430583501007,0.004176574599109917
cancer,0.7222222222222222,1.0,0.28798820549062376,11.0,25.196866300777266,234.0,0.12952316514383383,0.10843269959149042,0.5555555555555556,0.8542409987891171,0.8272551978537894,0.8488430583501007,0.02158786049631123
cancer,0.5,0.8333333333333333,0.047098885587850976,10.0,1.6128979635153649,198.0,32.0,1.3055116977098091,0.6111111111111112,0.8519548583519381,0.8391370952990672,0.8488430583501007,0.00970596305103344
cancer,0.5,0.6111111111111112,0.22965673851761886,5.0,1.0,1128.0,2.6578439649485035,0.31498026247371824,0.8333333333333333,0.8360241740725124,0.8192335833180904,0.8488430583501007,0.02960947503201028
cancer,0.9444444444444444,1.0,0.40440634866864145,5.0,2.048379120497995,1364.0,7.720626645353454,0.05326127477678591,0.7222222222222222,0.8333459737245639,0.8257804402170599,0.8488430583501007,0.02306261813304078
cancer,0.8333333333333333,0.8333333333333333,0.567886086046074,6.0,4.195857021292138,1283.0,0.0907764285071453,1.3055116977098091,0.5555555555555556,0.8132159468490918,0.7929699408572648,0.8488430583501007,0.055873117492835855
cancer,1.0,0.9444444444444444,0.0068785802223072495,6.0,32.0,1454.0,3.7923100573566844,2.225062952192973,0.8333333333333333,0.8617045197056763,0.8499481738918357,0.8488430583501007,-0.001105115541735091
cancer,0.5,0.5,0.07406305956992351,11.0,9.685738607693846,1072.0,0.044588655637913845,26.789388470197363,0.7777777777777778,0.8565895117412385,0.8378300103652216,0.8488430583501007,0.01101304798487901
cancer,0.8888888888888888,0.9444444444444444,0.22965673851761886,3.0,8.594705915009728,1357.0,1.8627523686544305,0.37624481090234907,0.7777777777777778,0.8301908970488336,0.8019709164075361,0.8488430583501007,0.046872141942564505
cancer,0.8888888888888888,0.9444444444444444,0.8930016176563254,3.0,19.840064730601398,663.0,0.2207542044379121,26.789388470197363,0.5555555555555556,0.8402807407917947,0.8078547039814645,0.8488430583501007,0.040988354368636126
cancer,0.6111111111111112,0.5,0.22965673851761886,3.0,15.622108075491552,1204.0,0.03732821303899783,0.03732821303899783,0.7777777777777778,0.8301779019067801,0.8036628864093653,0.8488430583501007,0.045180171940735314
cancer,0.8333333333333333,0.7222222222222222,0.13041886637087732,3.0,1.0,1526.0,0.03732821303899783,2.6578439649485035,0.7777777777777778,0.8293391712930678,0.8145920980428023,0.8488430583501007,0.03425096030729835
cancer,0.8333333333333333,0.6666666666666666,0.012112605663927412,10.0,22.358610386509486,500.0,22.427229206473235,1.8627523686544305,0.7222222222222222,0.8531057415350822,0.8352120297542832,0.8488430583501007,0.01363102859581744
cancer,0.6666666666666666,0.5555555555555556,0.0068785802223072495,8.0,3.30382651195861,1634.0,0.4494254865977708,9.222310278794142,0.9444444444444444,0.8600669026266428,0.8437519053716236,0.8488430583501007,0.005091152978477065
cancer,0.7777777777777778,0.6111111111111112,0.033540332850133574,6.0,8.594705915009728,1469.0,0.044588655637913845,0.7659831786679867,0.6666666666666666,0.8471031523608611,0.8217486738613499,0.8488430583501007,0.02709438448875079
cancer,0.8333333333333333,0.6666666666666666,0.36113552355158474,3.0,2.3084053051719735,1763.0,26.789388470197363,0.6412569042179157,0.8888888888888888,0.8564026202796743,0.8465146942259617,0.8488430583501007,0.0023283641241389486
cancer,0.5,0.9444444444444444,0.05906172676928791,4.0,13.862383667332647,1538.0,5.411008231029584,13.158733350628646,0.8333333333333333,0.8593861549425462,0.8470443875373452,0.8488430583501007,0.0017986708127554207
cancer,1.0,0.9444444444444444,0.8930016176563254,4.0,1.0,1427.0,0.2207542044379121,0.06362074277108691,0.7222222222222222,0.8161072530551368,0.7833706786171575,0.8488430583501007,0.06547237973294318
cancer,0.8333333333333333,0.9444444444444444,0.36113552355158474,5.0,8.594705915009728,915.0,0.4494254865977708,0.044588655637913845,0.6666666666666666,0.8198121645070788,0.804341198707396,0.8488430583501007,0.0445018596427047
cancer,0.8888888888888888,0.7777777777777778,0.14604549845403467,10.0,9.685738607693846,686.0,0.10843269959149042,15.718144058740227,0.7777777777777778,0.8433682340571602,0.8210322541308457,0.8488430583501007,0.02781080421925497
cancer,0.8888888888888888,0.6666666666666666,0.18314019998387457,11.0,1.2699991982341425,252.0,4.52992504739022,0.6412569042179157,0.5555555555555556,0.8528894786762097,0.8313365038717152,0.8488430583501007,0.01750655447838545
cancer,0.5555555555555556,0.7777777777777778,0.18314019998387457,11.0,1.431215958721113,260.0,0.05326127477678591,9.222310278794142,0.7222222222222222,0.8424390121394605,0.8194012560209744,0.8488430583501007,0.0294418023291263
cancer,0.6666666666666666,0.8888888888888888,0.008625699325576656,9.0,1.2699991982341425,500.0,9.222310278794142,0.2207542044379121,0.6111111111111112,0.858604621423436,0.8508475092982136,0.8488430583501007,-0.002004450948112968
cancer,0.7777777777777778,0.8333333333333333,0.04205938101976114,8.0,1.8176431200757233,1488.0,0.10843269959149042,3.174802103936398,0.5555555555555556,0.8429768571824992,0.8088454972257789,0.8488430583501007,0.039997561124321734
cancer,0.7222222222222222,0.5,0.08293720650170974,3.0,1.6128979635153649,1119.0,0.7659831786679867,0.05326127477678591,0.6111111111111112,0.8360308535237231,0.8204225352112675,0.8488430583501007,0.028420523138833143
cancer,0.5,0.5,0.5071231934836635,7.0,1.8176431200757233,198.0,18.77536736007401,1.8627523686544305,0.5,0.8589179305931702,0.8507979696359977,0.8488430583501007,-0.0019549112858970874
cancer,0.7222222222222222,0.6111111111111112,0.14604549845403467,6.0,28.395417264496608,1080.0,7.720626645353454,1.5594374008644958,0.5,0.8532612265684266,0.8426963294921042,0.8488430583501007,0.006146728857996497
cancer,0.6111111111111112,0.5555555555555556,0.05906172676928791,8.0,19.840064730601398,1446.0,32.0,1.8627523686544305,0.5555555555555556,0.8524457898510182,0.8302809279921957,0.8488430583501007,0.018562130357904993
cancer,0.7777777777777778,0.8333333333333333,0.00437429218801632,4.0,19.840064730601398,884.0,32.0,9.222310278794142,0.9444444444444444,0.8520032697327048,0.8326740747515394,0.8488430583501007,0.016168983598561226
cancer,0.7777777777777778,0.8333333333333333,0.09287464307105926,9.0,19.840064730601398,1990.0,2.225062952192973,1.8627523686544305,1.0,0.8577312294019285,0.8396058167184927,0.8488430583501007,0.009237241631607995
cancer,0.8333333333333333,0.9444444444444444,0.20508383900190938,6.0,1.0,1899.0,0.4494254865977708,0.31498026247371824,0.6111111111111112,0.8343919528661164,0.8021233461374307,0.8488430583501007,0.046719712212669906
cancer,0.8333333333333333,0.5555555555555556,0.00437429218801632,9.0,12.300880266076668,150.0,2.225062952192973,1.3055116977098091,1.0,0.8514573673412112,0.8420485031400523,0.8488430583501007,0.0067945552100483475
cancer,1.0,0.7777777777777778,0.8930016176563254,6.0,2.931672886767848,937.0,0.37624481090234907,18.77536736007401,0.5,0.8296858315449388,0.7959194561307238,0.8488430583501007,0.052923602219376864
cancer,0.8888888888888888,0.7222222222222222,0.5071231934836635,7.0,2.048379120497995,1319.0,0.07599515647546923,7.720626645353454,0.6666666666666666,0.8303745526761052,0.8044860069507958,0.8488430583501007,0.0443570513993049
cancer,0.6111111111111112,0.8333333333333333,0.3224946067247292,6.0,6.005177529385341,368.0,5.411008231029584,0.7659831786679867,0.5,0.8559824458030837,0.8284022315712456,0.8488430583501007,0.02044082677885506
cancer,0.8888888888888888,0.6111111111111112,0.08293720650170974,9.0,19.840064730601398,840.0,2.6578439649485035,1.5594374008644958,0.9444444444444444,0.8559905836743447,0.8388893969879885,0.8488430583501007,0.009953661362112176
cancer,0.7222222222222222,0.5,0.00390625,4.0,32.0,1241.0,2.225062952192973,32.0,0.7222222222222222,0.8560002627408476,0.8404365587464179,0.8488430583501007,0.008406499603682782
cancer,0.5,0.8333333333333333,0.00614258326569918,8.0,28.395417264496608,346.0,0.044588655637913845,0.2207542044379121,1.0,0.8603021367711954,0.848721114566185,0.8488430583501007,0.00012194378391561234
cancer,0.6111111111111112,0.7222222222222222,0.04205938101976114,11.0,28.395417264496608,1343.0,0.06362074277108691,5.411008231029584,0.6666666666666666,0.8598239236522172,0.837959575635632,0.8488430583501007,0.010883482714468706
cancer,0.7222222222222222,1.0,0.06613843200451852,7.0,2.048379120497995,1735.0,9.222310278794142,5.411008231029584,0.7222222222222222,0.856245526197954,0.8554585086275226,0.8488430583501007,-0.0066154502774219415
cancer,0.8333333333333333,1.0,0.010816576451920346,8.0,1.6128979635153649,1223.0,11.016075609554143,6.4634645761165785,1.0,0.862482994765905,0.8571428571428571,0.8488430583501007,-0.008299798792756441
cancer,1.0,0.6111111111111112,0.13041886637087732,3.0,15.622108075491552,1448.0,0.05326127477678591,0.4494254865977708,0.8888888888888888,0.8321941186367839,0.8108270837144076,0.8488430583501007,0.03801597463569306
cancer,0.8333333333333333,0.5555555555555556,0.8930016176563254,6.0,15.622108075491552,789.0,13.158733350628646,9.222310278794142,0.5,0.8598393271581914,0.8564874093043108,0.8488430583501007,-0.007644350954210122
cancer,0.6111111111111112,0.7222222222222222,0.013563923541053414,5.0,1.0,1540.0,32.0,0.15471578566317848,0.5555555555555556,0.8531025935438503,0.8397315712456558,0.8488430583501007,0.00911148710444487
cancer,0.6111111111111112,0.5555555555555556,0.18314019998387457,9.0,6.767489244843735,189.0,0.10843269959149042,4.52992504739022,1.0,0.8471282498553968,0.8248429973782087,0.8488430583501007,0.024000060971892
cancer,1.0,1.0,0.16354449484350292,5.0,2.601439840712011,1319.0,0.18480844184739367,4.52992504739022,0.8888888888888888,0.8337163966506116,0.8050042680324371,0.8488430583501007,0.04383879031766358
cancer,0.6666666666666666,0.9444444444444444,0.03755909528827044,11.0,1.431215958721113,1517.0,18.77536736007401,0.12952316514383383,0.8888888888888888,0.8599076451279986,0.8572190720078045,0.8488430583501007,-0.008376013657703796
cancer,0.6111111111111112,0.5,0.18314019998387457,6.0,7.6265706475730735,1108.0,26.789388470197363,7.720626645353454,0.8888888888888888,0.8566346064833583,0.8432679409792087,0.8488430583501007,0.005575117370892002
cancer,0.8333333333333333,0.7222222222222222,0.013563923541053414,3.0,13.862383667332647,1648.0,1.5594374008644958,2.225062952192973,0.6111111111111112,0.8620200604270163,0.8471282238887873,0.8488430583501007,0.0017148344613133748
cancer,0.9444444444444444,0.5,0.8930016176563254,6.0,6.005177529385341,828.0,1.3055116977098091,0.2636915191204116,0.6111111111111112,0.8158278251229352,0.7719727455642948,0.8488430583501007,0.0768703127858058
cancer,0.5,0.6666666666666666,0.013563923541053414,11.0,8.594705915009728,175.0,0.12952316514383383,0.0907764285071453,0.6666666666666666,0.86275566272409,0.8596274617401378,0.8488430583501007,-0.010784403390037167
cancer,0.6111111111111112,1.0,0.7121258270022673,7.0,1.6128979635153649,1222.0,0.2207542044379121,2.225062952192973,0.6666666666666666,0.8235608370069754,0.7877720870678618,0.8488430583501007,0.06107097128223882
cancer,0.7222222222222222,0.6666666666666666,0.047098885587850976,11.0,2.048379120497995,208.0,26.789388470197363,0.31498026247371824,1.0,0.8540852217902147,0.8429211633436986,0.8488430583501007,0.005921895006402056
cancer,0.7222222222222222,0.6111111111111112,0.047098885587850976,4.0,5.328735052946112,687.0,0.12952316514383383,0.15471578566317848,1.0,0.8383395848311702,0.8308792146820315,0.8488430583501007,0.017963843668069135
cancer,0.5,0.7777777777777778,0.007702763451157033,10.0,2.931672886767848,1516.0,3.174802103936398,0.03732821303899783,0.7222222222222222,0.8621385404447469,0.8491936467288581,0.8488430583501007,-0.00035058837875745485
cancer,0.7222222222222222,0.7777777777777778,0.029951571491900867,10.0,6.005177529385341,1488.0,0.03125,1.3055116977098091,0.6666666666666666,0.844093112180544,0.8186543503444912,0.8488430583501007,0.030188708005609466
cancer,0.5,0.8333333333333333,0.05906172676928791,6.0,1.431215958721113,1193.0,6.4634645761165785,0.7659831786679867,0.7777777777777778,0.8560445300125952,0.8462365099689042,0.8488430583501007,0.0026065483811964496
cancer,0.8333333333333333,1.0,0.06613843200451852,5.0,2.048379120497995,1249.0,0.044588655637913845,0.2636915191204116,0.5555555555555556,0.8401661450140278,0.8081748064142431,0.8488430583501007,0.04066825193585755
cancer,1.0,0.6666666666666666,0.08293720650170974,10.0,28.395417264496608,994.0,26.789388470197363,0.03125,0.6111111111111112,0.8517652862692737,0.8393009572587039,0.8488430583501007,0.009542101091396749
cancer,0.9444444444444444,0.5,0.05906172676928791,10.0,1.0,1033.0,0.07599515647546923,7.720626645353454,0.7222222222222222,0.8414184683503704,0.8156438631790746,0.8488430583501007,0.0331991951710261
cancer,0.7777777777777778,0.7222222222222222,0.012112605663927412,7.0,1.431215958721113,1350.0,0.7659831786679867,0.9149690648834351,0.9444444444444444,0.8465224047105504,0.8252088287299555,0.8488430583501007,0.023634229620145164
cancer,0.5555555555555556,0.9444444444444444,0.8930016176563254,3.0,10.915269621120595,1689.0,0.044588655637913845,0.4494254865977708,0.8333333333333333,0.8078189142327382,0.7847692213889397,0.8488430583501007,0.06407383696116098
cancer,0.9444444444444444,1.0,0.13041886637087732,10.0,1.8176431200757233,1071.0,1.8627523686544305,3.7923100573566844,0.7222222222222222,0.8357834970367607,0.8117492835802694,0.8488430583501007,0.03709377476983122
cancer,0.8888888888888888,1.0,0.08293720650170974,6.0,19.840064730601398,1771.0,3.7923100573566844,3.7923100573566844,0.7222222222222222,0.8523942487796571,0.8292939454911286,0.8488430583501007,0.019549112858972095
cancer,0.9444444444444444,0.6666666666666666,0.07406305956992351,8.0,6.767489244843735,1324.0,9.222310278794142,0.9149690648834351,0.6111111111111112,0.8626832062762292,0.8537894030851777,0.8488430583501007,-0.004946344735077046
cancer,0.7777777777777778,0.5555555555555556,0.00614258326569918,11.0,1.126942411232332,109.0,5.411008231029584,0.06362074277108691,0.8333333333333333,0.8527641271913465,0.8432908054386927,0.8488430583501007,0.005552252911407929
cancer,0.8888888888888888,0.5,0.00390625,4.0,5.328735052946112,276.0,0.18480844184739367,1.0929331256979677,1.0,0.8582924063502875,0.8507027010548137,0.8488430583501007,-0.0018596427047130604
cancer,0.9444444444444444,0.7777777777777778,0.07406305956992351,3.0,4.195857021292138,1733.0,13.158733350628646,0.03125,0.7222222222222222,0.8632486571273607,0.8628361075544174,0.8488430583501007,-0.013993049204316765
cancer,0.8333333333333333,0.7777777777777778,0.08293720650170974,3.0,1.6128979635153649,1986.0,0.06362074277108691,22.427229206473235,0.6111111111111112,0.8339703408040477,0.8225184439973173,0.8488430583501007,0.026324614352783327
cancer,0.7222222222222222,0.8333333333333333,0.22965673851761886,7.0,1.6128979635153649,813.0,0.15471578566317848,0.7659831786679867,0.5,0.8296076661427616,0.8010029876227059,0.8488430583501007,0.04784007072739471
cancer,0.7222222222222222,0.9444444444444444,0.6359295154878732,3.0,8.594705915009728,784.0,0.2636915191204116,0.05326127477678591,0.5,0.8231624149498978,0.7778031827327603,0.8488430583501007,0.07103987561734038
cancer,0.5,0.8888888888888888,0.13041886637087732,4.0,25.196866300777266,194.0,0.10843269959149042,26.789388470197363,1.0,0.8626411587310597,0.8488697335528321,0.8488430583501007,-2.667520273147428e-05
cancer,1.0,0.5555555555555556,0.004898414629411993,4.0,3.723222215679941,1177.0,0.06362074277108691,5.411008231029584,0.9444444444444444,0.8643086784889912,0.8571352356563623,0.8488430583501007,-0.008292177306261639
cancer,0.5,0.8333333333333333,0.019047088346944928,7.0,10.915269621120595,677.0,0.18480844184739367,26.789388470197363,0.7777777777777778,0.8645571403344704,0.8588119626852021,0.8488430583501007,-0.009968904335101447
cancer,0.5555555555555556,0.7777777777777778,1.0,4.0,7.6265706475730735,897.0,0.37624481090234907,3.174802103936398,0.6111111111111112,0.8054632983808048,0.7977752880921896,0.8488430583501007,0.051067770257911094
cancer,0.5555555555555556,0.6666666666666666,0.25717393336906924,3.0,15.622108075491552,1458.0,5.411008231029584,0.5368400098840593,0.7222222222222222,0.8447245393645029,0.8248277544052192,0.8488430583501007,0.024015303944881494
cancer,0.6666666666666666,1.0,0.023884937268832684,3.0,25.196866300777266,1975.0,1.8627523686544305,0.06362074277108691,0.5555555555555556,0.8594518919593417,0.8383597036766051,0.8488430583501007,0.010483354673495593
cancer,0.7777777777777778,0.7222222222222222,0.00437429218801632,5.0,5.328735052946112,860.0,1.5594374008644958,0.4494254865977708,0.7777777777777778,0.8654971945403961,0.8566855679531735,0.8488430583501007,-0.007842509603072867
cancer,0.8888888888888888,0.6666666666666666,0.3224946067247292,6.0,15.622108075491552,380.0,0.044588655637913845,7.720626645353454,0.6111111111111112,0.8425851283724978,0.8240313090665203,0.8488430583501007,0.02481174928358032
cancer,0.5555555555555556,1.0,0.029951571491900867,7.0,1.6128979635153649,1589.0,3.7923100573566844,1.3055116977098091,0.7222222222222222,0.8481505955534292,0.8342174257667216,0.8488430583501007,0.014625632583379011
cancer,0.7777777777777778,0.5,0.00614258326569918,11.0,3.723222215679941,445.0,11.016075609554143,0.31498026247371824,1.0,0.8563555946795034,0.8410958173282116,0.8488430583501007,0.007747241021889062
cancer,0.9444444444444444,1.0,0.7121258270022673,11.0,12.300880266076668,338.0,5.411008231029584,0.5368400098840593,1.0,0.8572622510662796,0.8504664349734773,0.8488430583501007,-0.0016233766233766378
cancer,0.6666666666666666,0.5,0.008625699325576656,3.0,1.2699991982341425,1376.0,0.37624481090234907,1.3055116977098091,1.0,0.8642778906223253,0.8604124748490944,0.8488430583501007,-0.01156941649899379
cancer,0.8333333333333333,0.8888888888888888,0.00437429218801632,10.0,8.594705915009728,1130.0,0.044588655637913845,1.5594374008644958,0.5555555555555556,0.867138944748066,0.8582708371440766,0.8488430583501007,-0.009427778793975938
cancer,1.0,0.7777777777777778,0.18314019998387457,5.0,5.328735052946112,1315.0,2.225062952192973,18.77536736007401,1.0,0.8469681840316632,0.835513078470825,0.8488430583501007,0.013329979879275644
cancer,0.8333333333333333,0.9444444444444444,0.023884937268832684,9.0,12.300880266076668,1597.0,2.225062952192973,0.5368400098840593,0.6666666666666666,0.8578683000520753,0.8364657642826656,0.8488430583501007,0.01237729406743504
cancer,0.9444444444444444,0.6666666666666666,0.010816576451920346,5.0,2.601439840712011,208.0,0.6412569042179157,15.718144058740227,0.7777777777777778,0.8557706823671497,0.8473416255106396,0.8488430583501007,0.0015014328394610255
cancer,0.5555555555555556,0.8888888888888888,0.3224946067247292,3.0,3.723222215679941,694.0,18.77536736007401,0.07599515647546923,0.6666666666666666,0.8626758620895476,0.8553937259923177,0.8488430583501007,-0.006550667642217012
cancer,1.0,0.5555555555555556,0.567886086046074,8.0,1.6128979635153649,1500.0,9.222310278794142,1.3055116977098091,0.7222222222222222,0.8386545630190625,0.8279830498140357,0.8488430583501007,0.020860008536064956
cancer,0.7777777777777778,0.7777777777777778,0.7974518891368139,6.0,32.0,942.0,5.411008231029584,6.4634645761165785,0.8888888888888888,0.8490231998028712,0.8136470337174562,0.8488430583501007,0.035196024632644485
alzheimer,0.8333333333333333,0.6666666666666666,0.09287464307105926,10.0,28.395417264496608,1144.0,26.789388470197363,0.7659831786679867,0.8333333333333333,0.8366907438772827,0.8595961887477312,0.856578947368421,-0.0030172413793102537
alzheimer,0.8888888888888888,0.7222222222222222,0.20508383900190938,10.0,15.622108075491552,230.0,1.3055116977098091,0.03732821303899783,0.8888888888888888,0.8587517161303179,0.8369328493647913,0.856578947368421,0.01964609800362971
alzheimer,0.7777777777777778,0.5555555555555556,0.03755909528827044,3.0,3.723222215679941,1437.0,1.3055116977098091,2.225062952192973,0.5,0.8575008808258783,0.8373865698729583,0.856578947368421,0.019192377495462654
alzheimer,1.0,0.6111111111111112,0.5071231934836635,9.0,9.685738607693846,931.0,0.044588655637913845,18.77536736007401,0.6111111111111112,0.8317364758877128,0.8129310344827586,0.856578947368421,0.04364791288566239
alzheimer,0.8333333333333333,0.7222222222222222,0.009659220269068186,9.0,7.6265706475730735,487.0,2.225062952192973,0.31498026247371824,0.5555555555555556,0.8678175860433391,0.8623563218390805,0.856578947368421,-0.005777374470659513
alzheimer,1.0,0.9444444444444444,0.06613843200451852,7.0,1.126942411232332,1463.0,3.7923100573566844,0.0907764285071453,0.8888888888888888,0.864759304973086,0.8540986085904415,0.856578947368421,0.002480338777979485
alzheimer,0.6111111111111112,0.5,0.20508383900190938,4.0,2.3084053051719735,1511.0,0.03732821303899783,0.07599515647546923,0.7777777777777778,0.8393203051533844,0.8109497882637628,0.856578947368421,0.045629159104658146
alzheimer,1.0,0.6666666666666666,0.09287464307105926,4.0,19.840064730601398,1679.0,11.016075609554143,0.15471578566317848,0.6666666666666666,0.8502742580117173,0.8523139745916515,0.856578947368421,0.004264972776769516
alzheimer,0.8888888888888888,0.8333333333333333,0.3224946067247292,7.0,6.005177529385341,1872.0,0.6412569042179157,1.8627523686544305,1.0,0.8558729973080352,0.8428765880217786,0.856578947368421,0.013702359346642434
alzheimer,0.9444444444444444,0.9444444444444444,0.09287464307105926,3.0,17.605216143126537,1962.0,0.12952316514383383,1.8627523686544305,0.5,0.7964339979351698,0.7996672716273443,0.856578947368421,0.056911675741076695
alzheimer,0.8888888888888888,0.8888888888888888,0.012112605663927412,5.0,6.767489244843735,491.0,13.158733350628646,13.158733350628646,0.5,0.8635827874670486,0.857788868723533,0.856578947368421,-0.001209921355111998
alzheimer,0.7222222222222222,1.0,0.28798820549062376,11.0,25.196866300777266,234.0,0.12952316514383383,0.10843269959149042,0.5555555555555556,0.745296233416512,0.7732153660012099,0.856578947368421,0.08336358136721111
alzheimer,0.5,0.8333333333333333,0.047098885587850976,10.0,1.6128979635153649,198.0,32.0,1.3055116977098091,0.6111111111111112,0.8506601915631515,0.8430051421657593,0.856578947368421,0.013573805202661715
alzheimer,0.5,0.6111111111111112,0.22965673851761886,5.0,1.0,1128.0,2.6578439649485035,0.31498026247371824,0.8333333333333333,0.8550501484278179,0.8321990320629158,0.856578947368421,0.024379915305505206
alzheimer,0.9444444444444444,1.0,0.40440634866864145,5.0,2.048379120497995,1364.0,7.720626645353454,0.05326127477678591,0.7222222222222222,0.8610016246964586,0.8384150030248034,0.856578947368421,0.018163944343617566
alzheimer,0.8333333333333333,0.8333333333333333,0.567886086046074,6.0,4.195857021292138,1283.0,0.0907764285071453,1.3055116977098091,0.5555555555555556,0.8232511232903768,0.7951451905626135,0.856578947368421,0.06143375680580754
alzheimer,1.0,0.9444444444444444,0.0068785802223072495,6.0,32.0,1454.0,3.7923100573566844,2.225062952192973,0.8333333333333333,0.829585067895645,0.8272686025408349,0.856578947368421,0.0293103448275861
alzheimer,0.5,0.5,0.07406305956992351,11.0,9.685738607693846,1072.0,0.044588655637913845,26.789388470197363,0.7777777777777778,0.8619471345846087,0.8385057471264369,0.856578947368421,0.01807320024198411
alzheimer,0.8888888888888888,0.9444444444444444,0.22965673851761886,3.0,8.594705915009728,1357.0,1.8627523686544305,0.37624481090234907,0.7777777777777778,0.8418205950383755,0.8111917725347851,0.856578947368421,0.04538717483363586
alzheimer,0.8888888888888888,0.9444444444444444,0.8930016176563254,3.0,19.840064730601398,663.0,0.2207542044379121,26.789388470197363,0.5555555555555556,0.7715221263237243,0.7605263157894737,0.856578947368421,0.09605263157894728
alzheimer,0.6111111111111112,0.5,0.22965673851761886,3.0,15.622108075491552,1204.0,0.03732821303899783,0.03732821303899783,0.7777777777777778,0.8256205571913485,0.8035541439806413,0.856578947368421,0.053024803387779706
alzheimer,0.8333333333333333,0.7222222222222222,0.13041886637087732,3.0,1.0,1526.0,0.03732821303899783,2.6578439649485035,0.7777777777777778,0.8549799728010798,0.81978221415608,0.856578947368421,0.036796733212341004
alzheimer,0.8333333333333333,0.6666666666666666,0.012112605663927412,10.0,22.358610386509486,500.0,22.427229206473235,1.8627523686544305,0.7222222222222222,0.851858170612342,0.8594827586206896,0.856578947368421,-0.0029038112522685733
alzheimer,0.6666666666666666,0.5555555555555556,0.0068785802223072495,8.0,3.30382651195861,1634.0,0.4494254865977708,9.222310278794142,0.9444444444444444,0.8662771584255546,0.8614488808227465,0.856578947368421,-0.004869933454325515
alzheimer,0.7777777777777778,0.6111111111111112,0.033540332850133574,6.0,8.594705915009728,1469.0,0.044588655637913845,0.7659831786679867,0.6666666666666666,0.8584155042781216,0.8345432546884454,0.856578947368421,0.022035692679975627
alzheimer,0.8333333333333333,0.6666666666666666,0.36113552355158474,3.0,2.3084053051719735,1763.0,26.789388470197363,0.6412569042179157,0.8888888888888888,0.8691930596059396,0.8550816696914701,0.856578947368421,0.0014972776769508478
alzheimer,0.5,0.9444444444444444,0.05906172676928791,4.0,13.862383667332647,1538.0,5.411008231029584,13.158733350628646,0.8333333333333333,0.865637389511369,0.8478826376285541,0.856578947368421,0.008696309739866903
alzheimer,1.0,0.9444444444444444,0.8930016176563254,4.0,1.0,1427.0,0.2207542044379121,0.06362074277108691,0.7222222222222222,0.8278720743678442,0.7929068360556566,0.856578947368421,0.0636721113127644
alzheimer,0.8333333333333333,0.9444444444444444,0.36113552355158474,5.0,8.594705915009728,915.0,0.4494254865977708,0.044588655637913845,0.6666666666666666,0.8363263740827851,0.806291591046582,0.856578947368421,0.050287356321839005
alzheimer,0.8888888888888888,0.7777777777777778,0.14604549845403467,10.0,9.685738607693846,686.0,0.10843269959149042,15.718144058740227,0.7777777777777778,0.8554279953609465,0.8342558983666062,0.856578947368421,0.02232304900181481
alzheimer,0.8888888888888888,0.6666666666666666,0.18314019998387457,11.0,1.2699991982341425,252.0,4.52992504739022,0.6412569042179157,0.5555555555555556,0.8706899955383405,0.8292952208106472,0.856578947368421,0.02728372655777378
alzheimer,0.5555555555555556,0.7777777777777778,0.18314019998387457,11.0,1.431215958721113,260.0,0.05326127477678591,9.222310278794142,0.7222222222222222,0.858864828248449,0.8492891712038717,0.856578947368421,0.007289776164549289
alzheimer,0.6666666666666666,0.8888888888888888,0.008625699325576656,9.0,1.2699991982341425,500.0,9.222310278794142,0.2207542044379121,0.6111111111111112,0.869022210664059,0.8533272837265579,0.856578947368421,0.003251663641863134
alzheimer,0.7777777777777778,0.8333333333333333,0.04205938101976114,8.0,1.8176431200757233,1488.0,0.10843269959149042,3.174802103936398,0.5555555555555556,0.8578531240441893,0.8360254083484574,0.856578947368421,0.020553539019963596
alzheimer,0.7222222222222222,0.5,0.08293720650170974,3.0,1.6128979635153649,1119.0,0.7659831786679867,0.05326127477678591,0.6111111111111112,0.855959835457034,0.8308983666061707,0.856578947368421,0.025680580762250327
alzheimer,0.5,0.5,0.5071231934836635,7.0,1.8176431200757233,198.0,18.77536736007401,1.8627523686544305,0.5,0.8600910227701031,0.853130671506352,0.856578947368421,0.0034482758620689724
alzheimer,0.7222222222222222,0.6111111111111112,0.14604549845403467,6.0,28.395417264496608,1080.0,7.720626645353454,1.5594374008644958,0.5,0.7533083875848346,0.7383847549909256,0.856578947368421,0.1181941923774954
alzheimer,0.6111111111111112,0.5555555555555556,0.05906172676928791,8.0,19.840064730601398,1446.0,32.0,1.8627523686544305,0.5555555555555556,0.8286150395461217,0.8423926194797338,0.856578947368421,0.014186327888687233
alzheimer,0.7777777777777778,0.8333333333333333,0.00437429218801632,4.0,19.840064730601398,884.0,32.0,9.222310278794142,0.9444444444444444,0.8586926382393937,0.8564503932244405,0.856578947368421,0.00012855414398049714
alzheimer,0.7777777777777778,0.8333333333333333,0.09287464307105926,9.0,19.840064730601398,1990.0,2.225062952192973,1.8627523686544305,1.0,0.859282214600686,0.837870538415003,0.856578947368421,0.018708408953417965
alzheimer,0.8333333333333333,0.9444444444444444,0.20508383900190938,6.0,1.0,1899.0,0.4494254865977708,0.31498026247371824,0.6111111111111112,0.8528940408359142,0.8257259528130673,0.856578947368421,0.03085299455535373
alzheimer,0.8333333333333333,0.5555555555555556,0.00437429218801632,9.0,12.300880266076668,150.0,2.225062952192973,1.3055116977098091,1.0,0.8667700835561369,0.8614942528735632,0.856578947368421,-0.004915305505142187
alzheimer,1.0,0.7777777777777778,0.8930016176563254,6.0,2.931672886767848,937.0,0.37624481090234907,18.77536736007401,0.5,0.8365409224888867,0.8100574712643679,0.856578947368421,0.046521476104053106
alzheimer,0.8888888888888888,0.7222222222222222,0.5071231934836635,7.0,2.048379120497995,1319.0,0.07599515647546923,7.720626645353454,0.6666666666666666,0.8387257180825454,0.8193587416817906,0.856578947368421,0.037220205686630425
alzheimer,0.6111111111111112,0.8333333333333333,0.3224946067247292,6.0,6.005177529385341,368.0,5.411008231029584,0.7659831786679867,0.5,0.8564390025007189,0.8256352087114337,0.856578947368421,0.030943738656987296
alzheimer,0.8888888888888888,0.6111111111111112,0.08293720650170974,9.0,19.840064730601398,840.0,2.6578439649485035,1.5594374008644958,0.9444444444444444,0.8573965490392685,0.8398517846339987,0.856578947368421,0.01672716273442232
alzheimer,0.7222222222222222,0.5,0.00390625,4.0,32.0,1241.0,2.225062952192973,32.0,0.7222222222222222,0.8063528346060345,0.8123563218390805,0.856578947368421,0.04422262552934053
alzheimer,0.5,0.8333333333333333,0.00614258326569918,8.0,28.395417264496608,346.0,0.044588655637913845,0.2207542044379121,1.0,0.8700318035672275,0.8617362371445856,0.856578947368421,-0.005157289776164586
alzheimer,0.6111111111111112,0.7222222222222222,0.04205938101976114,11.0,28.395417264496608,1343.0,0.06362074277108691,5.411008231029584,0.6666666666666666,0.8035249344658844,0.7923623714458561,0.856578947368421,0.06421657592256491
alzheimer,0.7222222222222222,1.0,0.06613843200451852,7.0,2.048379120497995,1735.0,9.222310278794142,5.411008231029584,0.7222222222222222,0.8670490623924103,0.8515426497277677,0.856578947368421,0.0050362976406532756
alzheimer,0.8333333333333333,1.0,0.010816576451920346,8.0,1.6128979635153649,1223.0,11.016075609554143,6.4634645761165785,1.0,0.8650503964219144,0.8548699334543255,0.856578947368421,0.001709013914095503
alzheimer,1.0,0.6111111111111112,0.13041886637087732,3.0,15.622108075491552,1448.0,0.05326127477678591,0.4494254865977708,0.8888888888888888,0.8379250747277707,0.8069872958257714,0.856578947368421,0.04959165154264955
alzheimer,0.8333333333333333,0.5555555555555556,0.8930016176563254,6.0,15.622108075491552,789.0,13.158733350628646,9.222310278794142,0.5,0.8426873522787417,0.8395644283121597,0.856578947368421,0.01701451905626128
alzheimer,0.6111111111111112,0.7222222222222222,0.013563923541053414,5.0,1.0,1540.0,32.0,0.15471578566317848,0.5555555555555556,0.8493982345054517,0.8413490623109497,0.856578947368421,0.015229885057471249
alzheimer,0.6111111111111112,0.5555555555555556,0.18314019998387457,9.0,6.767489244843735,189.0,0.10843269959149042,4.52992504739022,1.0,0.8590248023140754,0.8557320024198428,0.856578947368421,0.0008469449485781766
alzheimer,1.0,1.0,0.16354449484350292,5.0,2.601439840712011,1319.0,0.18480844184739367,4.52992504739022,0.8888888888888888,0.8501689119069115,0.8390502117362372,0.856578947368421,0.017528735632183823
alzheimer,0.6666666666666666,0.9444444444444444,0.03755909528827044,11.0,1.431215958721113,1517.0,18.77536736007401,0.12952316514383383,0.8888888888888888,0.8643874568160731,0.8507562008469449,0.856578947368421,0.005822746521476074
alzheimer,0.6111111111111112,0.5,0.18314019998387457,6.0,7.6265706475730735,1108.0,26.789388470197363,7.720626645353454,0.8888888888888888,0.8670561056481662,0.8579854809437386,0.856578947368421,-0.0014065335753176145
alzheimer,0.8333333333333333,0.7222222222222222,0.013563923541053414,3.0,13.862383667332647,1648.0,1.5594374008644958,2.225062952192973,0.6111111111111112,0.8655744258210559,0.8529491833030852,0.856578947368421,0.003629764065335772
alzheimer,0.9444444444444444,0.5,0.8930016176563254,6.0,6.005177529385341,828.0,1.3055116977098091,0.2636915191204116,0.6111111111111112,0.8147006074514852,0.7795674531155475,0.856578947368421,0.07701149425287346
alzheimer,0.5,0.6666666666666666,0.013563923541053414,11.0,8.594705915009728,175.0,0.12952316514383383,0.0907764285071453,0.6666666666666666,0.8693494869091513,0.8590592861464005,0.856578947368421,-0.002480338777979485
alzheimer,0.6111111111111112,1.0,0.7121258270022673,7.0,1.6128979635153649,1222.0,0.2207542044379121,2.225062952192973,0.6666666666666666,0.8429377090216008,0.8208408953418029,0.856578947368421,0.03573805202661806
alzheimer,0.7222222222222222,0.6666666666666666,0.047098885587850976,11.0,2.048379120497995,208.0,26.789388470197363,0.31498026247371824,1.0,0.8639357104349437,0.8547791893526921,0.856578947368421,0.0017997580157288473
alzheimer,0.7222222222222222,0.6111111111111112,0.047098885587850976,4.0,5.328735052946112,687.0,0.12952316514383383,0.15471578566317848,1.0,0.8570493695923045,0.8535541439806413,0.856578947368421,0.003024803387779662
alzheimer,0.5,0.7777777777777778,0.007702763451157033,10.0,2.931672886767848,1516.0,3.174802103936398,0.03732821303899783,0.7222222222222222,0.8659186673199413,0.8581669691470055,0.856578947368421,-0.0015880217785845252
alzheimer,0.7222222222222222,0.7777777777777778,0.029951571491900867,10.0,6.005177529385341,1488.0,0.03125,1.3055116977098091,0.6666666666666666,0.8583682558173047,0.8405172413793103,0.856578947368421,0.01606170598911072
alzheimer,0.5,0.8333333333333333,0.05906172676928791,6.0,1.431215958721113,1193.0,6.4634645761165785,0.7659831786679867,0.7777777777777778,0.8661099802431369,0.8444948578342408,0.856578947368421,0.012084089534180165
alzheimer,0.8333333333333333,1.0,0.06613843200451852,5.0,2.048379120497995,1249.0,0.044588655637913845,0.2636915191204116,0.5555555555555556,0.8531585310080871,0.824712643678161,0.856578947368421,0.03186630369026
alzheimer,1.0,0.6666666666666666,0.08293720650170974,10.0,28.395417264496608,994.0,26.789388470197363,0.03125,0.6111111111111112,0.8153542444859854,0.8123033877797943,0.856578947368421,0.04427555958862672
alzheimer,0.9444444444444444,0.5,0.05906172676928791,10.0,1.0,1033.0,0.07599515647546923,7.720626645353454,0.7222222222222222,0.8627509426568389,0.8419691470054447,0.856578947368421,0.014609800362976322
alzheimer,0.7777777777777778,0.7222222222222222,0.012112605663927412,7.0,1.431215958721113,1350.0,0.7659831786679867,0.9149690648834351,0.9444444444444444,0.8611768961997252,0.8603145795523292,0.856578947368421,-0.003735632183908155
alzheimer,0.5555555555555556,0.9444444444444444,0.8930016176563254,3.0,10.915269621120595,1689.0,0.044588655637913845,0.4494254865977708,0.8333333333333333,0.8063614551936107,0.7804143980641257,0.856578947368421,0.07616454930429528
alzheimer,0.9444444444444444,1.0,0.13041886637087732,10.0,1.8176431200757233,1071.0,1.8627523686544305,3.7923100573566844,0.7222222222222222,0.861629894280787,0.8417876588021779,0.856578947368421,0.014791288566243121
alzheimer,0.8888888888888888,1.0,0.08293720650170974,6.0,19.840064730601398,1771.0,3.7923100573566844,3.7923100573566844,0.7222222222222222,0.8420374167236941,0.8223684210526316,0.856578947368421,0.03421052631578936
alzheimer,0.9444444444444444,0.6666666666666666,0.07406305956992351,8.0,6.767489244843735,1324.0,9.222310278794142,0.9149690648834351,0.6111111111111112,0.8662849601857767,0.8481094978826376,0.856578947368421,0.008469449485783431
alzheimer,0.7777777777777778,0.5555555555555556,0.00614258326569918,11.0,1.126942411232332,109.0,5.411008231029584,0.06362074277108691,0.8333333333333333,0.8699896021213996,0.8526467029643074,0.856578947368421,0.00393224440411355
alzheimer,0.8888888888888888,0.5,0.00390625,4.0,5.328735052946112,276.0,0.18480844184739367,1.0929331256979677,1.0,0.8657899840769916,0.8630217785843921,0.856578947368421,-0.006442831215971112
alzheimer,0.9444444444444444,0.7777777777777778,0.07406305956992351,3.0,4.195857021292138,1733.0,13.158733350628646,0.03125,0.7222222222222222,0.8688075840616204,0.8620538415003025,0.856578947368421,-0.005474894131881514
alzheimer,0.8333333333333333,0.7777777777777778,0.08293720650170974,3.0,1.6128979635153649,1986.0,0.06362074277108691,22.427229206473235,0.6111111111111112,0.8580597466930209,0.8260586811857229,0.856578947368421,0.030520266182698097
alzheimer,0.7222222222222222,0.8333333333333333,0.22965673851761886,7.0,1.6128979635153649,813.0,0.15471578566317848,0.7659831786679867,0.5,0.8519267108185525,0.8193284936479128,0.856578947368421,0.03725045372050817
alzheimer,0.7222222222222222,0.9444444444444444,0.6359295154878732,3.0,8.594705915009728,784.0,0.2636915191204116,0.05326127477678591,0.5,0.7958365857423949,0.7793859649122806,0.856578947368421,0.07719298245614037
alzheimer,0.5,0.8888888888888888,0.13041886637087732,4.0,25.196866300777266,194.0,0.10843269959149042,26.789388470197363,1.0,0.8668704362662991,0.8557017543859649,0.856578947368421,0.0008771929824561431
alzheimer,1.0,0.5555555555555556,0.004898414629411993,4.0,3.723222215679941,1177.0,0.06362074277108691,5.411008231029584,0.9444444444444444,0.8665925465932872,0.8679068360556563,0.856578947368421,-0.011327888687235332
alzheimer,0.5,0.8333333333333333,0.019047088346944928,7.0,10.915269621120595,677.0,0.18480844184739367,26.789388470197363,0.7777777777777778,0.8705601393503404,0.8625529340592861,0.856578947368421,-0.00597398669086513
alzheimer,0.5555555555555556,0.7777777777777778,1.0,4.0,7.6265706475730735,897.0,0.37624481090234907,3.174802103936398,0.6111111111111112,0.7951462729503455,0.7971869328493648,0.856578947368421,0.05939201451905618
alzheimer,0.5555555555555556,0.6666666666666666,0.25717393336906924,3.0,15.622108075491552,1458.0,5.411008231029584,0.5368400098840593,0.7222222222222222,0.8529730984494114,0.8260889292196008,0.856578947368421,0.03049001814882024
alzheimer,0.6666666666666666,1.0,0.023884937268832684,3.0,25.196866300777266,1975.0,1.8627523686544305,0.06362074277108691,0.5555555555555556,0.7842812404977487,0.7957652752571083,0.856578947368421,0.06081367211131272
alzheimer,0.7777777777777778,0.7222222222222222,0.00437429218801632,5.0,5.328735052946112,860.0,1.5594374008644958,0.4494254865977708,0.7777777777777778,0.8653800934021729,0.8657743496672716,0.856578947368421,-0.00919540229885063
alzheimer,0.8888888888888888,0.6666666666666666,0.3224946067247292,6.0,15.622108075491552,380.0,0.044588655637913845,7.720626645353454,0.6111111111111112,0.8378447715583391,0.8104053236539623,0.856578947368421,0.046173623714458656
alzheimer,0.5555555555555556,1.0,0.029951571491900867,7.0,1.6128979635153649,1589.0,3.7923100573566844,1.3055116977098091,0.7222222222222222,0.8644042533891968,0.8498336358136721,0.856578947368421,0.0067453115547488895
alzheimer,0.7777777777777778,0.5,0.00614258326569918,11.0,3.723222215679941,445.0,11.016075609554143,0.31498026247371824,1.0,0.8713089731636876,0.854627949183303,0.856578947368421,0.0019509981851180136
alzheimer,0.9444444444444444,1.0,0.7121258270022673,11.0,12.300880266076668,338.0,5.411008231029584,0.5368400098840593,1.0,0.863048817079331,0.845961887477314,0.856578947368421,0.01061705989110695
alzheimer,0.6666666666666666,0.5,0.008625699325576656,3.0,1.2699991982341425,1376.0,0.37624481090234907,1.3055116977098091,1.0,0.8674398441167199,0.8654718693284935,0.856578947368421,-0.00889292196007252
alzheimer,0.8333333333333333,0.8888888888888888,0.00437429218801632,10.0,8.594705915009728,1130.0,0.044588655637913845,1.5594374008644958,0.5555555555555556,0.868286109448508,0.8620387174833635,0.856578947368421,-0.005459770114942475
alzheimer,1.0,0.7777777777777778,0.18314019998387457,5.0,5.328735052946112,1315.0,2.225062952192973,18.77536736007401,1.0,0.8633521216788619,0.8531004234724743,0.856578947368421,0.003478523895946717
alzheimer,0.8333333333333333,0.9444444444444444,0.023884937268832684,9.0,12.300880266076668,1597.0,2.225062952192973,0.5368400098840593,0.6666666666666666,0.8631857209914491,0.8446763460375075,0.856578947368421,0.011902601330913476
alzheimer,0.9444444444444444,0.6666666666666666,0.010816576451920346,5.0,2.601439840712011,208.0,0.6412569042179157,15.718144058740227,0.7777777777777778,0.869057371088312,0.8564882032667877,0.856578947368421,9.074410163334434e-05
alzheimer,0.5555555555555556,0.8888888888888888,0.3224946067247292,3.0,3.723222215679941,694.0,18.77536736007401,0.07599515647546923,0.6666666666666666,0.8701291859336855,0.8597852389594677,0.856578947368421,-0.003206291591046684
alzheimer,1.0,0.5555555555555556,0.567886086046074,8.0,1.6128979635153649,1500.0,9.222310278794142,1.3055116977098091,0.7222222222222222,0.8529267291388372,0.8171052631578948,0.856578947368421,0.039473684210526216
alzheimer,0.7777777777777778,0.7777777777777778,0.7974518891368139,6.0,32.0,942.0,5.411008231029584,6.4634645761165785,0.8888888888888888,0.791661910095214,0.7705081669691469,0.856578947368421,0.08607078039927407
